transaction_id,sender_account,receiver_account,amount,timestamp,transaction_type,channel,bank,country,is_aml,pattern_type
TX_SMURF_FO_116827,HDFC_ACC_20105,MULE_ACC_90115,346149.7,2026-01-23 22:00:00,TRANSFER,IMPS,HDFC Bank,IN,1,SMURF_FAN_OUT
TX_SMURF_FO_116828,HDFC_ACC_20105,MULE_ACC_90054,357702.79,2026-01-23 22:03:00,TRANSFER,IMPS,HDFC Bank,IN,1,SMURF_FAN_OUT
TX_SMURF_FO_116829,HDFC_ACC_20105,MULE_ACC_90070,368912.79,2026-01-23 22:06:00,TRANSFER,IMPS,HDFC Bank,IN,1,SMURF_FAN_OUT
TX_SMURF_FO_116830,HDFC_ACC_20105,MULE_ACC_90008,364583.91,2026-01-23 22:09:00,TRANSFER,IMPS,HDFC Bank,IN,1,SMURF_FAN_OUT
TX_SMURF_FI_116831,MULE_ACC_90115,BOB_ACC_20138,341577.02,2026-01-23 23:00:00,SETTLEMENT,NEFT,Bank of Baroda,IN,1,SMURF_FAN_IN
TX_SMURF_FI_116832,MULE_ACC_90054,BOB_ACC_20138,341577.02,2026-01-23 23:05:00,SETTLEMENT,NEFT,Bank of Baroda,IN,1,SMURF_FAN_IN
TX_SMURF_FI_116833,MULE_ACC_90070,BOB_ACC_20138,341577.02,2026-01-23 23:10:00,SETTLEMENT,NEFT,Bank of Baroda,IN,1,SMURF_FAN_IN
TX_SMURF_FI_116834,MULE_ACC_90008,BOB_ACC_20138,341577.02,2026-01-23 23:15:00,SETTLEMENT,NEFT,Bank of Baroda,IN,1,SMURF_FAN_IN
TX_SMURF_FO_116835,ICICI_ACC_20069,MULE_ACC_90054,348650.18,2026-01-21 00:00:00,TRANSFER,IMPS,ICICI Bank,IN,1,SMURF_FAN_OUT
TX_SMURF_FO_116836,ICICI_ACC_20069,MULE_ACC_90042,328427.07,2026-01-21 00:03:00,TRANSFER,IMPS,ICICI Bank,IN,1,SMURF_FAN_OUT
TX_SMURF_FO_116837,ICICI_ACC_20069,MULE_ACC_90046,354555.39,2026-01-21 00:06:00,TRANSFER,IMPS,ICICI Bank,IN,1,SMURF_FAN_OUT
TX_SMURF_FO_116838,ICICI_ACC_20069,MULE_ACC_90052,332280.54,2026-01-21 00:09:00,TRANSFER,IMPS,ICICI Bank,IN,1,SMURF_FAN_OUT
TX_SMURF_FO_116839,ICICI_ACC_20069,MULE_ACC_90015,348744.13,2026-01-21 00:12:00,TRANSFER,IMPS,ICICI Bank,IN,1,SMURF_FAN_OUT
TX_SMURF_FI_116840,MULE_ACC_90054,KOTAK_ACC_20110,333953.35,2026-01-21 01:00:00,SETTLEMENT,NEFT,Kotak Mahindra Bank,IN,1,SMURF_FAN_IN
TX_SMURF_FI_116841,MULE_ACC_90042,KOTAK_ACC_20110,333953.35,2026-01-21 01:05:00,SETTLEMENT,NEFT,Kotak Mahindra Bank,IN,1,SMURF_FAN_IN
TX_SMURF_FI_116842,MULE_ACC_90046,KOTAK_ACC_20110,333953.35,2026-01-21 01:10:00,SETTLEMENT,NEFT,Kotak Mahindra Bank,IN,1,SMURF_FAN_IN
TX_SMURF_FI_116843,MULE_ACC_90052,KOTAK_ACC_20110,333953.35,2026-01-21 01:15:00,SETTLEMENT,NEFT,Kotak Mahindra Bank,IN,1,SMURF_FAN_IN
TX_SMURF_FI_116844,MULE_ACC_90015,KOTAK_ACC_20110,333953.35,2026-01-21 01:20:00,SETTLEMENT,NEFT,Kotak Mahindra Bank,IN,1,SMURF_FAN_IN
TX_SMURF_FO_116845,HDFC_ACC_20249,MULE_ACC_90035,329673.16,2026-01-20 12:00:00,TRANSFER,IMPS,HDFC Bank,IN,1,SMURF_FAN_OUT
TX_SMURF_FO_116846,HDFC_ACC_20249,MULE_ACC_90088,341715.91,2026-01-20 12:03:00,TRANSFER,IMPS,HDFC Bank,IN,1,SMURF_FAN_OUT
TX_SMURF_FO_116847,HDFC_ACC_20249,MULE_ACC_90070,351239.78,2026-01-20 12:06:00,TRANSFER,IMPS,HDFC Bank,IN,1,SMURF_FAN_OUT
TX_SMURF_FO_116848,HDFC_ACC_20249,MULE_ACC_90037,363866.3,2026-01-20 12:09:00,TRANSFER,IMPS,HDFC Bank,IN,1,SMURF_FAN_OUT
TX_SMURF_FO_116849,HDFC_ACC_20249,MULE_ACC_90058,363694.33,2026-01-20 12:12:00,TRANSFER,IMPS,HDFC Bank,IN,1,SMURF_FAN_OUT
TX_SMURF_FO_116850,HDFC_ACC_20249,MULE_ACC_90118,342669.41,2026-01-20 12:15:00,TRANSFER,IMPS,HDFC Bank,IN,1,SMURF_FAN_OUT
TX_SMURF_FO_116851,HDFC_ACC_20249,MULE_ACC_90076,345459.16,2026-01-20 12:18:00,TRANSFER,IMPS,HDFC Bank,IN,1,SMURF_FAN_OUT
TX_SMURF_FI_116852,MULE_ACC_90035,YES_ACC_20033,338590.08,2026-01-20 13:00:00,SETTLEMENT,NEFT,Yes Bank,IN,1,SMURF_FAN_IN
TX_SMURF_FI_116853,MULE_ACC_90088,YES_ACC_20033,338590.08,2026-01-20 13:05:00,SETTLEMENT,NEFT,Yes Bank,IN,1,SMURF_FAN_IN
TX_SMURF_FI_116854,MULE_ACC_90070,YES_ACC_20033,338590.08,2026-01-20 13:10:00,SETTLEMENT,NEFT,Yes Bank,IN,1,SMURF_FAN_IN
TX_SMURF_FI_116855,MULE_ACC_90037,YES_ACC_20033,338590.08,2026-01-20 13:15:00,SETTLEMENT,NEFT,Yes Bank,IN,1,SMURF_FAN_IN
TX_SMURF_FI_116856,MULE_ACC_90058,YES_ACC_20033,338590.08,2026-01-20 13:20:00,SETTLEMENT,NEFT,Yes Bank,IN,1,SMURF_FAN_IN
TX_SMURF_FI_116857,MULE_ACC_90118,YES_ACC_20033,338590.08,2026-01-20 13:25:00,SETTLEMENT,NEFT,Yes Bank,IN,1,SMURF_FAN_IN
TX_SMURF_FI_116858,MULE_ACC_90076,YES_ACC_20033,338590.08,2026-01-20 13:30:00,SETTLEMENT,NEFT,Yes Bank,IN,1,SMURF_FAN_IN
TX_SMURF_FO_116859,PNB_ACC_20057,MULE_ACC_90090,124774.58,2026-01-20 23:00:00,TRANSFER,IMPS,Punjab National Bank,IN,1,SMURF_FAN_OUT
TX_SMURF_FO_116860,PNB_ACC_20057,MULE_ACC_90064,129066.35,2026-01-20 23:03:00,TRANSFER,IMPS,Punjab National Bank,IN,1,SMURF_FAN_OUT
TX_SMURF_FO_116861,PNB_ACC_20057,MULE_ACC_90036,121301.34,2026-01-20 23:06:00,TRANSFER,IMPS,Punjab National Bank,IN,1,SMURF_FAN_OUT
TX_SMURF_FO_116862,PNB_ACC_20057,MULE_ACC_90037,122632.11,2026-01-20 23:09:00,TRANSFER,IMPS,Punjab National Bank,IN,1,SMURF_FAN_OUT
TX_SMURF_FO_116863,PNB_ACC_20057,MULE_ACC_90063,120823.89,2026-01-20 23:12:00,TRANSFER,IMPS,Punjab National Bank,IN,1,SMURF_FAN_OUT
TX_SMURF_FO_116864,PNB_ACC_20057,MULE_ACC_90093,129451.73,2026-01-20 23:15:00,TRANSFER,IMPS,Punjab National Bank,IN,1,SMURF_FAN_OUT
TX_SMURF_FO_116865,PNB_ACC_20057,MULE_ACC_90087,126880.54,2026-01-20 23:18:00,TRANSFER,IMPS,Punjab National Bank,IN,1,SMURF_FAN_OUT
TX_SMURF_FI_116866,MULE_ACC_90090,INDUS_ACC_20014,124281.88,2026-01-21 00:00:00,SETTLEMENT,NEFT,IndusInd Bank,IN,1,SMURF_FAN_IN
TX_SMURF_FI_116867,MULE_ACC_90064,INDUS_ACC_20014,124281.88,2026-01-21 00:05:00,SETTLEMENT,NEFT,IndusInd Bank,IN,1,SMURF_FAN_IN
TX_SMURF_FI_116868,MULE_ACC_90036,INDUS_ACC_20014,124281.88,2026-01-21 00:10:00,SETTLEMENT,NEFT,IndusInd Bank,IN,1,SMURF_FAN_IN
TX_SMURF_FI_116869,MULE_ACC_90037,INDUS_ACC_20014,124281.88,2026-01-21 00:15:00,SETTLEMENT,NEFT,IndusInd Bank,IN,1,SMURF_FAN_IN
TX_SMURF_FI_116870,MULE_ACC_90063,INDUS_ACC_20014,124281.88,2026-01-21 00:20:00,SETTLEMENT,NEFT,IndusInd Bank,IN,1,SMURF_FAN_IN
TX_SMURF_FI_116871,MULE_ACC_90093,INDUS_ACC_20014,124281.88,2026-01-21 00:25:00,SETTLEMENT,NEFT,IndusInd Bank,IN,1,SMURF_FAN_IN
TX_SMURF_FI_116872,MULE_ACC_90087,INDUS_ACC_20014,124281.88,2026-01-21 00:30:00,SETTLEMENT,NEFT,IndusInd Bank,IN,1,SMURF_FAN_IN
TX_SMURF_FO_116873,SBI_ACC_20005,MULE_ACC_90013,525465.79,2026-01-13 15:00:00,TRANSFER,IMPS,State Bank of India,IN,1,SMURF_FAN_OUT
TX_SMURF_FO_116874,SBI_ACC_20005,MULE_ACC_90003,489514.43,2026-01-13 15:03:00,TRANSFER,IMPS,State Bank of India,IN,1,SMURF_FAN_OUT
TX_SMURF_FO_116875,SBI_ACC_20005,MULE_ACC_90054,501578.8,2026-01-13 15:06:00,TRANSFER,IMPS,State Bank of India,IN,1,SMURF_FAN_OUT
TX_SMURF_FO_116876,SBI_ACC_20005,MULE_ACC_90037,524195.02,2026-01-13 15:09:00,TRANSFER,IMPS,State Bank of India,IN,1,SMURF_FAN_OUT
TX_SMURF_FI_116877,MULE_ACC_90013,YES_ACC_20193,496788.8,2026-01-13 16:00:00,SETTLEMENT,NEFT,Yes Bank,IN,1,SMURF_FAN_IN
TX_SMURF_FI_116878,MULE_ACC_90003,YES_ACC_20193,496788.8,2026-01-13 16:05:00,SETTLEMENT,NEFT,Yes Bank,IN,1,SMURF_FAN_IN
TX_SMURF_FI_116879,MULE_ACC_90054,YES_ACC_20193,496788.8,2026-01-13 16:10:00,SETTLEMENT,NEFT,Yes Bank,IN,1,SMURF_FAN_IN
TX_SMURF_FI_116880,MULE_ACC_90037,YES_ACC_20193,496788.8,2026-01-13 16:15:00,SETTLEMENT,NEFT,Yes Bank,IN,1,SMURF_FAN_IN
TX_SMURF_FO_116881,INDUS_ACC_20144,MULE_ACC_90119,192295.13,2026-01-16 22:00:00,TRANSFER,IMPS,IndusInd Bank,IN,1,SMURF_FAN_OUT
TX_SMURF_FO_116882,INDUS_ACC_20144,MULE_ACC_90002,193642.73,2026-01-16 22:03:00,TRANSFER,IMPS,IndusInd Bank,IN,1,SMURF_FAN_OUT
TX_SMURF_FO_116883,INDUS_ACC_20144,MULE_ACC_90007,189010.5,2026-01-16 22:06:00,TRANSFER,IMPS,IndusInd Bank,IN,1,SMURF_FAN_OUT
TX_SMURF_FO_116884,INDUS_ACC_20144,MULE_ACC_90099,200796.58,2026-01-16 22:09:00,TRANSFER,IMPS,IndusInd Bank,IN,1,SMURF_FAN_OUT
TX_SMURF_FO_116885,INDUS_ACC_20144,MULE_ACC_90069,187761.44,2026-01-16 22:12:00,TRANSFER,IMPS,IndusInd Bank,IN,1,SMURF_FAN_OUT
TX_SMURF_FO_116886,INDUS_ACC_20144,MULE_ACC_90068,182304.74,2026-01-16 22:15:00,TRANSFER,IMPS,IndusInd Bank,IN,1,SMURF_FAN_OUT
TX_SMURF_FO_116887,INDUS_ACC_20144,MULE_ACC_90108,182184.99,2026-01-16 22:18:00,TRANSFER,IMPS,IndusInd Bank,IN,1,SMURF_FAN_OUT
TX_SMURF_FO_116888,INDUS_ACC_20144,MULE_ACC_90012,186657.08,2026-01-16 22:21:00,TRANSFER,IMPS,IndusInd Bank,IN,1,SMURF_FAN_OUT
TX_SMURF_FI_116889,MULE_ACC_90119,BOB_ACC_20206,186559.2,2026-01-16 23:00:00,SETTLEMENT,NEFT,Bank of Baroda,IN,1,SMURF_FAN_IN
TX_SMURF_FI_116890,MULE_ACC_90002,BOB_ACC_20206,186559.2,2026-01-16 23:05:00,SETTLEMENT,NEFT,Bank of Baroda,IN,1,SMURF_FAN_IN
TX_SMURF_FI_116891,MULE_ACC_90007,BOB_ACC_20206,186559.2,2026-01-16 23:10:00,SETTLEMENT,NEFT,Bank of Baroda,IN,1,SMURF_FAN_IN
TX_SMURF_FI_116892,MULE_ACC_90099,BOB_ACC_20206,186559.2,2026-01-16 23:15:00,SETTLEMENT,NEFT,Bank of Baroda,IN,1,SMURF_FAN_IN
TX_SMURF_FI_116893,MULE_ACC_90069,BOB_ACC_20206,186559.2,2026-01-16 23:20:00,SETTLEMENT,NEFT,Bank of Baroda,IN,1,SMURF_FAN_IN
TX_SMURF_FI_116894,MULE_ACC_90068,BOB_ACC_20206,186559.2,2026-01-16 23:25:00,SETTLEMENT,NEFT,Bank of Baroda,IN,1,SMURF_FAN_IN
TX_SMURF_FI_116895,MULE_ACC_90108,BOB_ACC_20206,186559.2,2026-01-16 23:30:00,SETTLEMENT,NEFT,Bank of Baroda,IN,1,SMURF_FAN_IN
TX_SMURF_FI_116896,MULE_ACC_90012,BOB_ACC_20206,186559.2,2026-01-16 23:35:00,SETTLEMENT,NEFT,Bank of Baroda,IN,1,SMURF_FAN_IN
TX_SMURF_FO_116897,ICICI_ACC_20246,MULE_ACC_90007,305782.69,2026-01-13 02:00:00,TRANSFER,IMPS,ICICI Bank,IN,1,SMURF_FAN_OUT
TX_SMURF_FO_116898,ICICI_ACC_20246,MULE_ACC_90054,294977.31,2026-01-13 02:03:00,TRANSFER,IMPS,ICICI Bank,IN,1,SMURF_FAN_OUT
TX_SMURF_FO_116899,ICICI_ACC_20246,MULE_ACC_90098,316035.26,2026-01-13 02:06:00,TRANSFER,IMPS,ICICI Bank,IN,1,SMURF_FAN_OUT
TX_SMURF_FO_116900,ICICI_ACC_20246,MULE_ACC_90079,300264.06,2026-01-13 02:09:00,TRANSFER,IMPS,ICICI Bank,IN,1,SMURF_FAN_OUT
TX_SMURF_FO_116901,ICICI_ACC_20246,MULE_ACC_90010,294489.53,2026-01-13 02:12:00,TRANSFER,IMPS,ICICI Bank,IN,1,SMURF_FAN_OUT
TX_SMURF_FO_116902,ICICI_ACC_20246,MULE_ACC_90031,292201.68,2026-01-13 02:15:00,TRANSFER,IMPS,ICICI Bank,IN,1,SMURF_FAN_OUT
TX_SMURF_FO_116903,ICICI_ACC_20246,MULE_ACC_90100,303654.21,2026-01-13 02:18:00,TRANSFER,IMPS,ICICI Bank,IN,1,SMURF_FAN_OUT
TX_SMURF_FI_116904,MULE_ACC_90007,ICICI_ACC_20153,298889.47,2026-01-13 03:00:00,SETTLEMENT,NEFT,ICICI Bank,IN,1,SMURF_FAN_IN
TX_SMURF_FI_116905,MULE_ACC_90054,ICICI_ACC_20153,298889.47,2026-01-13 03:05:00,SETTLEMENT,NEFT,ICICI Bank,IN,1,SMURF_FAN_IN
TX_SMURF_FI_116906,MULE_ACC_90098,ICICI_ACC_20153,298889.47,2026-01-13 03:10:00,SETTLEMENT,NEFT,ICICI Bank,IN,1,SMURF_FAN_IN
TX_SMURF_FI_116907,MULE_ACC_90079,ICICI_ACC_20153,298889.47,2026-01-13 03:15:00,SETTLEMENT,NEFT,ICICI Bank,IN,1,SMURF_FAN_IN
TX_SMURF_FI_116908,MULE_ACC_90010,ICICI_ACC_20153,298889.47,2026-01-13 03:20:00,SETTLEMENT,NEFT,ICICI Bank,IN,1,SMURF_FAN_IN
TX_SMURF_FI_116909,MULE_ACC_90031,ICICI_ACC_20153,298889.47,2026-01-13 03:25:00,SETTLEMENT,NEFT,ICICI Bank,IN,1,SMURF_FAN_IN
TX_SMURF_FI_116910,MULE_ACC_90100,ICICI_ACC_20153,298889.47,2026-01-13 03:30:00,SETTLEMENT,NEFT,ICICI Bank,IN,1,SMURF_FAN_IN
TX_SMURF_FO_116911,YES_ACC_20132,MULE_ACC_90052,273243.81,2026-01-22 09:00:00,TRANSFER,IMPS,Yes Bank,IN,1,SMURF_FAN_OUT
TX_SMURF_FO_116912,YES_ACC_20132,MULE_ACC_90061,274868.04,2026-01-22 09:03:00,TRANSFER,IMPS,Yes Bank,IN,1,SMURF_FAN_OUT
TX_SMURF_FO_116913,YES_ACC_20132,MULE_ACC_90041,275560.77,2026-01-22 09:06:00,TRANSFER,IMPS,Yes Bank,IN,1,SMURF_FAN_OUT
TX_SMURF_FO_116914,YES_ACC_20132,MULE_ACC_90055,280784.68,2026-01-22 09:09:00,TRANSFER,IMPS,Yes Bank,IN,1,SMURF_FAN_OUT
TX_SMURF_FO_116915,YES_ACC_20132,MULE_ACC_90092,277322.22,2026-01-22 09:12:00,TRANSFER,IMPS,Yes Bank,IN,1,SMURF_FAN_OUT
TX_SMURF_FO_116916,YES_ACC_20132,MULE_ACC_90058,271293.65,2026-01-22 09:15:00,TRANSFER,IMPS,Yes Bank,IN,1,SMURF_FAN_OUT
TX_SMURF_FO_116917,YES_ACC_20132,MULE_ACC_90090,283322.59,2026-01-22 09:18:00,TRANSFER,IMPS,Yes Bank,IN,1,SMURF_FAN_OUT
TX_SMURF_FO_116918,YES_ACC_20132,MULE_ACC_90047,289557.23,2026-01-22 09:21:00,TRANSFER,IMPS,Yes Bank,IN,1,SMURF_FAN_OUT
TX_SMURF_FI_116919,MULE_ACC_90052,ICICI_ACC_20054,269399.21,2026-01-22 10:00:00,SETTLEMENT,NEFT,ICICI Bank,IN,1,SMURF_FAN_IN
TX_SMURF_FI_116920,MULE_ACC_90061,ICICI_ACC_20054,269399.21,2026-01-22 10:05:00,SETTLEMENT,NEFT,ICICI Bank,IN,1,SMURF_FAN_IN
TX_SMURF_FI_116921,MULE_ACC_90041,ICICI_ACC_20054,269399.21,2026-01-22 10:10:00,SETTLEMENT,NEFT,ICICI Bank,IN,1,SMURF_FAN_IN
TX_SMURF_FI_116922,MULE_ACC_90055,ICICI_ACC_20054,269399.21,2026-01-22 10:15:00,SETTLEMENT,NEFT,ICICI Bank,IN,1,SMURF_FAN_IN
TX_SMURF_FI_116923,MULE_ACC_90092,ICICI_ACC_20054,269399.21,2026-01-22 10:20:00,SETTLEMENT,NEFT,ICICI Bank,IN,1,SMURF_FAN_IN
TX_SMURF_FI_116924,MULE_ACC_90058,ICICI_ACC_20054,269399.21,2026-01-22 10:25:00,SETTLEMENT,NEFT,ICICI Bank,IN,1,SMURF_FAN_IN
TX_SMURF_FI_116925,MULE_ACC_90090,ICICI_ACC_20054,269399.21,2026-01-22 10:30:00,SETTLEMENT,NEFT,ICICI Bank,IN,1,SMURF_FAN_IN
TX_SMURF_FI_116926,MULE_ACC_90047,ICICI_ACC_20054,269399.21,2026-01-22 10:35:00,SETTLEMENT,NEFT,ICICI Bank,IN,1,SMURF_FAN_IN
TX_SMURF_FO_116927,HDFC_ACC_20197,MULE_ACC_90088,282175.81,2026-01-20 00:00:00,TRANSFER,IMPS,HDFC Bank,IN,1,SMURF_FAN_OUT
TX_SMURF_FO_116928,HDFC_ACC_20197,MULE_ACC_90016,296009.95,2026-01-20 00:03:00,TRANSFER,IMPS,HDFC Bank,IN,1,SMURF_FAN_OUT
TX_SMURF_FO_116929,HDFC_ACC_20197,MULE_ACC_90036,288822.39,2026-01-20 00:06:00,TRANSFER,IMPS,HDFC Bank,IN,1,SMURF_FAN_OUT
TX_SMURF_FO_116930,HDFC_ACC_20197,MULE_ACC_90091,302539.93,2026-01-20 00:09:00,TRANSFER,IMPS,HDFC Bank,IN,1,SMURF_FAN_OUT
TX_SMURF_FO_116931,HDFC_ACC_20197,MULE_ACC_90066,309499.68,2026-01-20 00:12:00,TRANSFER,IMPS,HDFC Bank,IN,1,SMURF_FAN_OUT
TX_SMURF_FO_116932,HDFC_ACC_20197,MULE_ACC_90114,290289.87,2026-01-20 00:15:00,TRANSFER,IMPS,HDFC Bank,IN,1,SMURF_FAN_OUT
TX_SMURF_FO_116933,HDFC_ACC_20197,MULE_ACC_90014,296387.65,2026-01-20 00:18:00,TRANSFER,IMPS,HDFC Bank,IN,1,SMURF_FAN_OUT
TX_SMURF_FI_116934,MULE_ACC_90088,CANARA_ACC_20158,290656.61,2026-01-20 01:00:00,SETTLEMENT,NEFT,Canara Bank,IN,1,SMURF_FAN_IN
TX_SMURF_FI_116935,MULE_ACC_90016,CANARA_ACC_20158,290656.61,2026-01-20 01:05:00,SETTLEMENT,NEFT,Canara Bank,IN,1,SMURF_FAN_IN
TX_SMURF_FI_116936,MULE_ACC_90036,CANARA_ACC_20158,290656.61,2026-01-20 01:10:00,SETTLEMENT,NEFT,Canara Bank,IN,1,SMURF_FAN_IN
TX_SMURF_FI_116937,MULE_ACC_90091,CANARA_ACC_20158,290656.61,2026-01-20 01:15:00,SETTLEMENT,NEFT,Canara Bank,IN,1,SMURF_FAN_IN
TX_SMURF_FI_116938,MULE_ACC_90066,CANARA_ACC_20158,290656.61,2026-01-20 01:20:00,SETTLEMENT,NEFT,Canara Bank,IN,1,SMURF_FAN_IN
TX_SMURF_FI_116939,MULE_ACC_90114,CANARA_ACC_20158,290656.61,2026-01-20 01:25:00,SETTLEMENT,NEFT,Canara Bank,IN,1,SMURF_FAN_IN
TX_SMURF_FI_116940,MULE_ACC_90014,CANARA_ACC_20158,290656.61,2026-01-20 01:30:00,SETTLEMENT,NEFT,Canara Bank,IN,1,SMURF_FAN_IN
TX_SMURF_FO_116941,INDUS_ACC_20196,MULE_ACC_90021,215887.48,2026-01-19 10:00:00,TRANSFER,IMPS,IndusInd Bank,IN,1,SMURF_FAN_OUT
TX_SMURF_FO_116942,INDUS_ACC_20196,MULE_ACC_90106,238445.17,2026-01-19 10:03:00,TRANSFER,IMPS,IndusInd Bank,IN,1,SMURF_FAN_OUT
TX_SMURF_FO_116943,INDUS_ACC_20196,MULE_ACC_90049,232773.03,2026-01-19 10:06:00,TRANSFER,IMPS,IndusInd Bank,IN,1,SMURF_FAN_OUT
TX_SMURF_FO_116944,INDUS_ACC_20196,MULE_ACC_90095,219854.68,2026-01-19 10:09:00,TRANSFER,IMPS,IndusInd Bank,IN,1,SMURF_FAN_OUT
TX_SMURF_FO_116945,INDUS_ACC_20196,MULE_ACC_90066,222042.23,2026-01-19 10:12:00,TRANSFER,IMPS,IndusInd Bank,IN,1,SMURF_FAN_OUT
TX_SMURF_FI_116946,MULE_ACC_90021,YES_ACC_20184,221135.04,2026-01-19 11:00:00,SETTLEMENT,NEFT,Yes Bank,IN,1,SMURF_FAN_IN
TX_SMURF_FI_116947,MULE_ACC_90106,YES_ACC_20184,221135.04,2026-01-19 11:05:00,SETTLEMENT,NEFT,Yes Bank,IN,1,SMURF_FAN_IN
TX_SMURF_FI_116948,MULE_ACC_90049,YES_ACC_20184,221135.04,2026-01-19 11:10:00,SETTLEMENT,NEFT,Yes Bank,IN,1,SMURF_FAN_IN
TX_SMURF_FI_116949,MULE_ACC_90095,YES_ACC_20184,221135.04,2026-01-19 11:15:00,SETTLEMENT,NEFT,Yes Bank,IN,1,SMURF_FAN_IN
TX_SMURF_FI_116950,MULE_ACC_90066,YES_ACC_20184,221135.04,2026-01-19 11:20:00,SETTLEMENT,NEFT,Yes Bank,IN,1,SMURF_FAN_IN
TX_SMURF_FO_116951,YES_ACC_20177,MULE_ACC_90089,729011.31,2026-01-22 00:00:00,TRANSFER,IMPS,Yes Bank,IN,1,SMURF_FAN_OUT
TX_SMURF_FO_116952,YES_ACC_20177,MULE_ACC_90080,785957.7,2026-01-22 00:03:00,TRANSFER,IMPS,Yes Bank,IN,1,SMURF_FAN_OUT
TX_SMURF_FO_116953,YES_ACC_20177,MULE_ACC_90105,718362.36,2026-01-22 00:06:00,TRANSFER,IMPS,Yes Bank,IN,1,SMURF_FAN_OUT
TX_SMURF_FO_116954,YES_ACC_20177,MULE_ACC_90022,741951.47,2026-01-22 00:09:00,TRANSFER,IMPS,Yes Bank,IN,1,SMURF_FAN_OUT
TX_SMURF_FI_116955,MULE_ACC_90089,INDUS_ACC_20034,739010.83,2026-01-22 01:00:00,SETTLEMENT,NEFT,IndusInd Bank,IN,1,SMURF_FAN_IN
TX_SMURF_FI_116956,MULE_ACC_90080,INDUS_ACC_20034,739010.83,2026-01-22 01:05:00,SETTLEMENT,NEFT,IndusInd Bank,IN,1,SMURF_FAN_IN
TX_SMURF_FI_116957,MULE_ACC_90105,INDUS_ACC_20034,739010.83,2026-01-22 01:10:00,SETTLEMENT,NEFT,IndusInd Bank,IN,1,SMURF_FAN_IN
TX_SMURF_FI_116958,MULE_ACC_90022,INDUS_ACC_20034,739010.83,2026-01-22 01:15:00,SETTLEMENT,NEFT,IndusInd Bank,IN,1,SMURF_FAN_IN
TX_SMURF_FO_116959,BOB_ACC_20227,MULE_ACC_90052,362612.18,2026-01-13 14:00:00,TRANSFER,IMPS,Bank of Baroda,IN,1,SMURF_FAN_OUT
TX_SMURF_FO_116960,BOB_ACC_20227,MULE_ACC_90023,375907.11,2026-01-13 14:03:00,TRANSFER,IMPS,Bank of Baroda,IN,1,SMURF_FAN_OUT
TX_SMURF_FO_116961,BOB_ACC_20227,MULE_ACC_90094,381426.96,2026-01-13 14:06:00,TRANSFER,IMPS,Bank of Baroda,IN,1,SMURF_FAN_OUT
TX_SMURF_FO_116962,BOB_ACC_20227,MULE_ACC_90108,381121.18,2026-01-13 14:09:00,TRANSFER,IMPS,Bank of Baroda,IN,1,SMURF_FAN_OUT
TX_SMURF_FO_116963,BOB_ACC_20227,MULE_ACC_90035,360969.72,2026-01-13 14:12:00,TRANSFER,IMPS,Bank of Baroda,IN,1,SMURF_FAN_OUT
TX_SMURF_FO_116964,BOB_ACC_20227,MULE_ACC_90011,384991.91,2026-01-13 14:15:00,TRANSFER,IMPS,Bank of Baroda,IN,1,SMURF_FAN_OUT
TX_SMURF_FO_116965,BOB_ACC_20227,MULE_ACC_90082,362855.59,2026-01-13 14:18:00,TRANSFER,IMPS,Bank of Baroda,IN,1,SMURF_FAN_OUT
TX_SMURF_FO_116966,BOB_ACC_20227,MULE_ACC_90031,379361.15,2026-01-13 14:21:00,TRANSFER,IMPS,Bank of Baroda,IN,1,SMURF_FAN_OUT
TX_SMURF_FI_116967,MULE_ACC_90052,PNB_ACC_20181,362322.72,2026-01-13 15:00:00,SETTLEMENT,NEFT,Punjab National Bank,IN,1,SMURF_FAN_IN
TX_SMURF_FI_116968,MULE_ACC_90023,PNB_ACC_20181,362322.72,2026-01-13 15:05:00,SETTLEMENT,NEFT,Punjab National Bank,IN,1,SMURF_FAN_IN
TX_SMURF_FI_116969,MULE_ACC_90094,PNB_ACC_20181,362322.72,2026-01-13 15:10:00,SETTLEMENT,NEFT,Punjab National Bank,IN,1,SMURF_FAN_IN
TX_SMURF_FI_116970,MULE_ACC_90108,PNB_ACC_20181,362322.72,2026-01-13 15:15:00,SETTLEMENT,NEFT,Punjab National Bank,IN,1,SMURF_FAN_IN
TX_SMURF_FI_116971,MULE_ACC_90035,PNB_ACC_20181,362322.72,2026-01-13 15:20:00,SETTLEMENT,NEFT,Punjab National Bank,IN,1,SMURF_FAN_IN
TX_SMURF_FI_116972,MULE_ACC_90011,PNB_ACC_20181,362322.72,2026-01-13 15:25:00,SETTLEMENT,NEFT,Punjab National Bank,IN,1,SMURF_FAN_IN
TX_SMURF_FI_116973,MULE_ACC_90082,PNB_ACC_20181,362322.72,2026-01-13 15:30:00,SETTLEMENT,NEFT,Punjab National Bank,IN,1,SMURF_FAN_IN
TX_SMURF_FI_116974,MULE_ACC_90031,PNB_ACC_20181,362322.72,2026-01-13 15:35:00,SETTLEMENT,NEFT,Punjab National Bank,IN,1,SMURF_FAN_IN
TX_SMURF_FO_116975,KOTAK_ACC_20043,MULE_ACC_90066,522722.41,2026-01-17 20:00:00,TRANSFER,IMPS,Kotak Mahindra Bank,IN,1,SMURF_FAN_OUT
TX_SMURF_FO_116976,KOTAK_ACC_20043,MULE_ACC_90018,519835.32,2026-01-17 20:03:00,TRANSFER,IMPS,Kotak Mahindra Bank,IN,1,SMURF_FAN_OUT
TX_SMURF_FO_116977,KOTAK_ACC_20043,MULE_ACC_90043,487531.46,2026-01-17 20:06:00,TRANSFER,IMPS,Kotak Mahindra Bank,IN,1,SMURF_FAN_OUT
TX_SMURF_FO_116978,KOTAK_ACC_20043,MULE_ACC_90108,493327.91,2026-01-17 20:09:00,TRANSFER,IMPS,Kotak Mahindra Bank,IN,1,SMURF_FAN_OUT
TX_SMURF_FO_116979,KOTAK_ACC_20043,MULE_ACC_90109,493252.77,2026-01-17 20:12:00,TRANSFER,IMPS,Kotak Mahindra Bank,IN,1,SMURF_FAN_OUT
TX_SMURF_FO_116980,KOTAK_ACC_20043,MULE_ACC_90032,533962.68,2026-01-17 20:15:00,TRANSFER,IMPS,Kotak Mahindra Bank,IN,1,SMURF_FAN_OUT
TX_SMURF_FI_116981,MULE_ACC_90066,HDFC_ACC_20207,496377.4,2026-01-17 21:00:00,SETTLEMENT,NEFT,HDFC Bank,IN,1,SMURF_FAN_IN
TX_SMURF_FI_116982,MULE_ACC_90018,HDFC_ACC_20207,496377.4,2026-01-17 21:05:00,SETTLEMENT,NEFT,HDFC Bank,IN,1,SMURF_FAN_IN
TX_SMURF_FI_116983,MULE_ACC_90043,HDFC_ACC_20207,496377.4,2026-01-17 21:10:00,SETTLEMENT,NEFT,HDFC Bank,IN,1,SMURF_FAN_IN
TX_SMURF_FI_116984,MULE_ACC_90108,HDFC_ACC_20207,496377.4,2026-01-17 21:15:00,SETTLEMENT,NEFT,HDFC Bank,IN,1,SMURF_FAN_IN
TX_SMURF_FI_116985,MULE_ACC_90109,HDFC_ACC_20207,496377.4,2026-01-17 21:20:00,SETTLEMENT,NEFT,HDFC Bank,IN,1,SMURF_FAN_IN
TX_SMURF_FI_116986,MULE_ACC_90032,HDFC_ACC_20207,496377.4,2026-01-17 21:25:00,SETTLEMENT,NEFT,HDFC Bank,IN,1,SMURF_FAN_IN
TX_SMURF_FO_116987,PNB_ACC_20015,MULE_ACC_90086,231277.58,2026-01-11 19:00:00,TRANSFER,IMPS,Punjab National Bank,IN,1,SMURF_FAN_OUT
TX_SMURF_FO_116988,PNB_ACC_20015,MULE_ACC_90077,244647.54,2026-01-11 19:03:00,TRANSFER,IMPS,Punjab National Bank,IN,1,SMURF_FAN_OUT
TX_SMURF_FO_116989,PNB_ACC_20015,MULE_ACC_90115,228110.87,2026-01-11 19:06:00,TRANSFER,IMPS,Punjab National Bank,IN,1,SMURF_FAN_OUT
TX_SMURF_FO_116990,PNB_ACC_20015,MULE_ACC_90098,241946.18,2026-01-11 19:09:00,TRANSFER,IMPS,Punjab National Bank,IN,1,SMURF_FAN_OUT
TX_SMURF_FO_116991,PNB_ACC_20015,MULE_ACC_90075,246217.67,2026-01-11 19:12:00,TRANSFER,IMPS,Punjab National Bank,IN,1,SMURF_FAN_OUT
TX_SMURF_FO_116992,PNB_ACC_20015,MULE_ACC_90016,242716.71,2026-01-11 19:15:00,TRANSFER,IMPS,Punjab National Bank,IN,1,SMURF_FAN_OUT
TX_SMURF_FO_116993,PNB_ACC_20015,MULE_ACC_90004,247191.91,2026-01-11 19:18:00,TRANSFER,IMPS,Punjab National Bank,IN,1,SMURF_FAN_OUT
TX_SMURF_FI_116994,MULE_ACC_90086,SBI_ACC_20134,233402.22,2026-01-11 20:00:00,SETTLEMENT,NEFT,State Bank of India,IN,1,SMURF_FAN_IN
TX_SMURF_FI_116995,MULE_ACC_90077,SBI_ACC_20134,233402.22,2026-01-11 20:05:00,SETTLEMENT,NEFT,State Bank of India,IN,1,SMURF_FAN_IN
TX_SMURF_FI_116996,MULE_ACC_90115,SBI_ACC_20134,233402.22,2026-01-11 20:10:00,SETTLEMENT,NEFT,State Bank of India,IN,1,SMURF_FAN_IN
TX_SMURF_FI_116997,MULE_ACC_90098,SBI_ACC_20134,233402.22,2026-01-11 20:15:00,SETTLEMENT,NEFT,State Bank of India,IN,1,SMURF_FAN_IN
TX_SMURF_FI_116998,MULE_ACC_90075,SBI_ACC_20134,233402.22,2026-01-11 20:20:00,SETTLEMENT,NEFT,State Bank of India,IN,1,SMURF_FAN_IN
TX_SMURF_FI_116999,MULE_ACC_90016,SBI_ACC_20134,233402.22,2026-01-11 20:25:00,SETTLEMENT,NEFT,State Bank of India,IN,1,SMURF_FAN_IN
TX_SMURF_FI_117000,MULE_ACC_90004,SBI_ACC_20134,233402.22,2026-01-11 20:30:00,SETTLEMENT,NEFT,State Bank of India,IN,1,SMURF_FAN_IN
TX_SMURF_FO_117001,ICICI_ACC_20183,MULE_ACC_90074,458801.82,2026-01-13 10:00:00,TRANSFER,IMPS,ICICI Bank,IN,1,SMURF_FAN_OUT
TX_SMURF_FO_117002,ICICI_ACC_20183,MULE_ACC_90036,457604.73,2026-01-13 10:03:00,TRANSFER,IMPS,ICICI Bank,IN,1,SMURF_FAN_OUT
TX_SMURF_FO_117003,ICICI_ACC_20183,MULE_ACC_90019,458985.03,2026-01-13 10:06:00,TRANSFER,IMPS,ICICI Bank,IN,1,SMURF_FAN_OUT
TX_SMURF_FO_117004,ICICI_ACC_20183,MULE_ACC_90066,469347.17,2026-01-13 10:09:00,TRANSFER,IMPS,ICICI Bank,IN,1,SMURF_FAN_OUT
TX_SMURF_FO_117005,ICICI_ACC_20183,MULE_ACC_90031,469449.42,2026-01-13 10:12:00,TRANSFER,IMPS,ICICI Bank,IN,1,SMURF_FAN_OUT
TX_SMURF_FO_117006,ICICI_ACC_20183,MULE_ACC_90045,450165.08,2026-01-13 10:15:00,TRANSFER,IMPS,ICICI Bank,IN,1,SMURF_FAN_OUT
TX_SMURF_FI_117007,MULE_ACC_90074,CANARA_ACC_20048,450045.86,2026-01-13 11:00:00,SETTLEMENT,NEFT,Canara Bank,IN,1,SMURF_FAN_IN
TX_SMURF_FI_117008,MULE_ACC_90036,CANARA_ACC_20048,450045.86,2026-01-13 11:05:00,SETTLEMENT,NEFT,Canara Bank,IN,1,SMURF_FAN_IN
TX_SMURF_FI_117009,MULE_ACC_90019,CANARA_ACC_20048,450045.86,2026-01-13 11:10:00,SETTLEMENT,NEFT,Canara Bank,IN,1,SMURF_FAN_IN
TX_SMURF_FI_117010,MULE_ACC_90066,CANARA_ACC_20048,450045.86,2026-01-13 11:15:00,SETTLEMENT,NEFT,Canara Bank,IN,1,SMURF_FAN_IN
TX_SMURF_FI_117011,MULE_ACC_90031,CANARA_ACC_20048,450045.86,2026-01-13 11:20:00,SETTLEMENT,NEFT,Canara Bank,IN,1,SMURF_FAN_IN
TX_SMURF_FI_117012,MULE_ACC_90045,CANARA_ACC_20048,450045.86,2026-01-13 11:25:00,SETTLEMENT,NEFT,Canara Bank,IN,1,SMURF_FAN_IN
TX_SMURF_FO_117013,YES_ACC_20101,MULE_ACC_90050,539722.38,2026-01-11 12:00:00,TRANSFER,IMPS,Yes Bank,IN,1,SMURF_FAN_OUT
TX_SMURF_FO_117014,YES_ACC_20101,MULE_ACC_90078,579235.03,2026-01-11 12:03:00,TRANSFER,IMPS,Yes Bank,IN,1,SMURF_FAN_OUT
TX_SMURF_FO_117015,YES_ACC_20101,MULE_ACC_90013,544562.75,2026-01-11 12:06:00,TRANSFER,IMPS,Yes Bank,IN,1,SMURF_FAN_OUT
TX_SMURF_FO_117016,YES_ACC_20101,MULE_ACC_90063,536469.61,2026-01-11 12:09:00,TRANSFER,IMPS,Yes Bank,IN,1,SMURF_FAN_OUT
TX_SMURF_FO_117017,YES_ACC_20101,MULE_ACC_90113,542705.05,2026-01-11 12:12:00,TRANSFER,IMPS,Yes Bank,IN,1,SMURF_FAN_OUT
TX_SMURF_FI_117018,MULE_ACC_90050,KOTAK_ACC_20036,542093.43,2026-01-11 13:00:00,SETTLEMENT,NEFT,Kotak Mahindra Bank,IN,1,SMURF_FAN_IN
TX_SMURF_FI_117019,MULE_ACC_90078,KOTAK_ACC_20036,542093.43,2026-01-11 13:05:00,SETTLEMENT,NEFT,Kotak Mahindra Bank,IN,1,SMURF_FAN_IN
TX_SMURF_FI_117020,MULE_ACC_90013,KOTAK_ACC_20036,542093.43,2026-01-11 13:10:00,SETTLEMENT,NEFT,Kotak Mahindra Bank,IN,1,SMURF_FAN_IN
TX_SMURF_FI_117021,MULE_ACC_90063,KOTAK_ACC_20036,542093.43,2026-01-11 13:15:00,SETTLEMENT,NEFT,Kotak Mahindra Bank,IN,1,SMURF_FAN_IN
TX_SMURF_FI_117022,MULE_ACC_90113,KOTAK_ACC_20036,542093.43,2026-01-11 13:20:00,SETTLEMENT,NEFT,Kotak Mahindra Bank,IN,1,SMURF_FAN_IN
TX_SMURF_FO_117023,YES_ACC_20243,MULE_ACC_90097,213327.77,2026-01-11 19:00:00,TRANSFER,IMPS,Yes Bank,IN,1,SMURF_FAN_OUT
TX_SMURF_FO_117024,YES_ACC_20243,MULE_ACC_90088,216508.17,2026-01-11 19:03:00,TRANSFER,IMPS,Yes Bank,IN,1,SMURF_FAN_OUT
TX_SMURF_FO_117025,YES_ACC_20243,MULE_ACC_90095,220317.67,2026-01-11 19:06:00,TRANSFER,IMPS,Yes Bank,IN,1,SMURF_FAN_OUT
TX_SMURF_FO_117026,YES_ACC_20243,MULE_ACC_90010,228042.19,2026-01-11 19:09:00,TRANSFER,IMPS,Yes Bank,IN,1,SMURF_FAN_OUT
TX_SMURF_FO_117027,YES_ACC_20243,MULE_ACC_90086,212757.73,2026-01-11 19:12:00,TRANSFER,IMPS,Yes Bank,IN,1,SMURF_FAN_OUT
TX_SMURF_FI_117028,MULE_ACC_90097,YES_ACC_20150,219275.03,2026-01-11 20:00:00,SETTLEMENT,NEFT,Yes Bank,IN,1,SMURF_FAN_IN
TX_SMURF_FI_117029,MULE_ACC_90088,YES_ACC_20150,219275.03,2026-01-11 20:05:00,SETTLEMENT,NEFT,Yes Bank,IN,1,SMURF_FAN_IN
TX_SMURF_FI_117030,MULE_ACC_90095,YES_ACC_20150,219275.03,2026-01-11 20:10:00,SETTLEMENT,NEFT,Yes Bank,IN,1,SMURF_FAN_IN
TX_SMURF_FI_117031,MULE_ACC_90010,YES_ACC_20150,219275.03,2026-01-11 20:15:00,SETTLEMENT,NEFT,Yes Bank,IN,1,SMURF_FAN_IN
TX_SMURF_FI_117032,MULE_ACC_90086,YES_ACC_20150,219275.03,2026-01-11 20:20:00,SETTLEMENT,NEFT,Yes Bank,IN,1,SMURF_FAN_IN
TX_SMURF_FO_117033,SBI_ACC_20024,MULE_ACC_90108,359835.26,2026-01-16 16:00:00,TRANSFER,IMPS,State Bank of India,IN,1,SMURF_FAN_OUT
TX_SMURF_FO_117034,SBI_ACC_20024,MULE_ACC_90015,330989.7,2026-01-16 16:03:00,TRANSFER,IMPS,State Bank of India,IN,1,SMURF_FAN_OUT
TX_SMURF_FO_117035,SBI_ACC_20024,MULE_ACC_90061,354773.3,2026-01-16 16:06:00,TRANSFER,IMPS,State Bank of India,IN,1,SMURF_FAN_OUT
TX_SMURF_FO_117036,SBI_ACC_20024,MULE_ACC_90021,349692.78,2026-01-16 16:09:00,TRANSFER,IMPS,State Bank of India,IN,1,SMURF_FAN_OUT
TX_SMURF_FO_117037,SBI_ACC_20024,MULE_ACC_90107,347078.23,2026-01-16 16:12:00,TRANSFER,IMPS,State Bank of India,IN,1,SMURF_FAN_OUT
TX_SMURF_FO_117038,SBI_ACC_20024,MULE_ACC_90004,332522.25,2026-01-16 16:15:00,TRANSFER,IMPS,State Bank of India,IN,1,SMURF_FAN_OUT
TX_SMURF_FO_117039,SBI_ACC_20024,MULE_ACC_90072,328470.99,2026-01-16 16:18:00,TRANSFER,IMPS,State Bank of India,IN,1,SMURF_FAN_OUT
TX_SMURF_FI_117040,MULE_ACC_90108,ICICI_ACC_20192,335460.19,2026-01-16 17:00:00,SETTLEMENT,NEFT,ICICI Bank,IN,1,SMURF_FAN_IN
TX_SMURF_FI_117041,MULE_ACC_90015,ICICI_ACC_20192,335460.19,2026-01-16 17:05:00,SETTLEMENT,NEFT,ICICI Bank,IN,1,SMURF_FAN_IN
TX_SMURF_FI_117042,MULE_ACC_90061,ICICI_ACC_20192,335460.19,2026-01-16 17:10:00,SETTLEMENT,NEFT,ICICI Bank,IN,1,SMURF_FAN_IN
TX_SMURF_FI_117043,MULE_ACC_90021,ICICI_ACC_20192,335460.19,2026-01-16 17:15:00,SETTLEMENT,NEFT,ICICI Bank,IN,1,SMURF_FAN_IN
TX_SMURF_FI_117044,MULE_ACC_90107,ICICI_ACC_20192,335460.19,2026-01-16 17:20:00,SETTLEMENT,NEFT,ICICI Bank,IN,1,SMURF_FAN_IN
TX_SMURF_FI_117045,MULE_ACC_90004,ICICI_ACC_20192,335460.19,2026-01-16 17:25:00,SETTLEMENT,NEFT,ICICI Bank,IN,1,SMURF_FAN_IN
TX_SMURF_FI_117046,MULE_ACC_90072,ICICI_ACC_20192,335460.19,2026-01-16 17:30:00,SETTLEMENT,NEFT,ICICI Bank,IN,1,SMURF_FAN_IN
TX_SMURF_FO_117047,ICICI_ACC_20029,MULE_ACC_90104,335585.99,2026-01-14 10:00:00,TRANSFER,IMPS,ICICI Bank,IN,1,SMURF_FAN_OUT
TX_SMURF_FO_117048,ICICI_ACC_20029,MULE_ACC_90096,347310.67,2026-01-14 10:03:00,TRANSFER,IMPS,ICICI Bank,IN,1,SMURF_FAN_OUT
TX_SMURF_FO_117049,ICICI_ACC_20029,MULE_ACC_90079,337763.37,2026-01-14 10:06:00,TRANSFER,IMPS,ICICI Bank,IN,1,SMURF_FAN_OUT
TX_SMURF_FO_117050,ICICI_ACC_20029,MULE_ACC_90106,354674.0,2026-01-14 10:09:00,TRANSFER,IMPS,ICICI Bank,IN,1,SMURF_FAN_OUT
TX_SMURF_FO_117051,ICICI_ACC_20029,MULE_ACC_90062,336467.34,2026-01-14 10:12:00,TRANSFER,IMPS,ICICI Bank,IN,1,SMURF_FAN_OUT
TX_SMURF_FO_117052,ICICI_ACC_20029,MULE_ACC_90015,331609.6,2026-01-14 10:15:00,TRANSFER,IMPS,ICICI Bank,IN,1,SMURF_FAN_OUT
TX_SMURF_FO_117053,ICICI_ACC_20029,MULE_ACC_90060,343608.16,2026-01-14 10:18:00,TRANSFER,IMPS,ICICI Bank,IN,1,SMURF_FAN_OUT
TX_SMURF_FO_117054,ICICI_ACC_20029,MULE_ACC_90066,358769.99,2026-01-14 10:21:00,TRANSFER,IMPS,ICICI Bank,IN,1,SMURF_FAN_OUT
TX_SMURF_FI_117055,MULE_ACC_90104,HDFC_ACC_20193,332828.91,2026-01-14 11:00:00,SETTLEMENT,NEFT,HDFC Bank,IN,1,SMURF_FAN_IN
TX_SMURF_FI_117056,MULE_ACC_90096,HDFC_ACC_20193,332828.91,2026-01-14 11:05:00,SETTLEMENT,NEFT,HDFC Bank,IN,1,SMURF_FAN_IN
TX_SMURF_FI_117057,MULE_ACC_90079,HDFC_ACC_20193,332828.91,2026-01-14 11:10:00,SETTLEMENT,NEFT,HDFC Bank,IN,1,SMURF_FAN_IN
TX_SMURF_FI_117058,MULE_ACC_90106,HDFC_ACC_20193,332828.91,2026-01-14 11:15:00,SETTLEMENT,NEFT,HDFC Bank,IN,1,SMURF_FAN_IN
TX_SMURF_FI_117059,MULE_ACC_90062,HDFC_ACC_20193,332828.91,2026-01-14 11:20:00,SETTLEMENT,NEFT,HDFC Bank,IN,1,SMURF_FAN_IN
TX_SMURF_FI_117060,MULE_ACC_90015,HDFC_ACC_20193,332828.91,2026-01-14 11:25:00,SETTLEMENT,NEFT,HDFC Bank,IN,1,SMURF_FAN_IN
TX_SMURF_FI_117061,MULE_ACC_90060,HDFC_ACC_20193,332828.91,2026-01-14 11:30:00,SETTLEMENT,NEFT,HDFC Bank,IN,1,SMURF_FAN_IN
TX_SMURF_FI_117062,MULE_ACC_90066,HDFC_ACC_20193,332828.91,2026-01-14 11:35:00,SETTLEMENT,NEFT,HDFC Bank,IN,1,SMURF_FAN_IN
TX_SMURF_FO_117063,KOTAK_ACC_20171,MULE_ACC_90082,375633.98,2026-01-10 15:00:00,TRANSFER,IMPS,Kotak Mahindra Bank,IN,1,SMURF_FAN_OUT
TX_SMURF_FO_117064,KOTAK_ACC_20171,MULE_ACC_90002,361333.74,2026-01-10 15:03:00,TRANSFER,IMPS,Kotak Mahindra Bank,IN,1,SMURF_FAN_OUT
TX_SMURF_FO_117065,KOTAK_ACC_20171,MULE_ACC_90036,383203.74,2026-01-10 15:06:00,TRANSFER,IMPS,Kotak Mahindra Bank,IN,1,SMURF_FAN_OUT
TX_SMURF_FO_117066,KOTAK_ACC_20171,MULE_ACC_90097,365535.92,2026-01-10 15:09:00,TRANSFER,IMPS,Kotak Mahindra Bank,IN,1,SMURF_FAN_OUT
TX_SMURF_FO_117067,KOTAK_ACC_20171,MULE_ACC_90041,353720.11,2026-01-10 15:12:00,TRANSFER,IMPS,Kotak Mahindra Bank,IN,1,SMURF_FAN_OUT
TX_SMURF_FO_117068,KOTAK_ACC_20171,MULE_ACC_90048,384940.68,2026-01-10 15:15:00,TRANSFER,IMPS,Kotak Mahindra Bank,IN,1,SMURF_FAN_OUT
TX_SMURF_FI_117069,MULE_ACC_90082,INDUS_ACC_20162,355550.95,2026-01-10 16:00:00,SETTLEMENT,NEFT,IndusInd Bank,IN,1,SMURF_FAN_IN
TX_SMURF_FI_117070,MULE_ACC_90002,INDUS_ACC_20162,355550.95,2026-01-10 16:05:00,SETTLEMENT,NEFT,IndusInd Bank,IN,1,SMURF_FAN_IN
TX_SMURF_FI_117071,MULE_ACC_90036,INDUS_ACC_20162,355550.95,2026-01-10 16:10:00,SETTLEMENT,NEFT,IndusInd Bank,IN,1,SMURF_FAN_IN
TX_SMURF_FI_117072,MULE_ACC_90097,INDUS_ACC_20162,355550.95,2026-01-10 16:15:00,SETTLEMENT,NEFT,IndusInd Bank,IN,1,SMURF_FAN_IN
TX_SMURF_FI_117073,MULE_ACC_90041,INDUS_ACC_20162,355550.95,2026-01-10 16:20:00,SETTLEMENT,NEFT,IndusInd Bank,IN,1,SMURF_FAN_IN
TX_SMURF_FI_117074,MULE_ACC_90048,INDUS_ACC_20162,355550.95,2026-01-10 16:25:00,SETTLEMENT,NEFT,IndusInd Bank,IN,1,SMURF_FAN_IN
TX_SMURF_FO_117075,YES_ACC_20209,MULE_ACC_90071,662229.17,2026-01-20 13:00:00,TRANSFER,IMPS,Yes Bank,IN,1,SMURF_FAN_OUT
TX_SMURF_FO_117076,YES_ACC_20209,MULE_ACC_90080,651395.36,2026-01-20 13:03:00,TRANSFER,IMPS,Yes Bank,IN,1,SMURF_FAN_OUT
TX_SMURF_FO_117077,YES_ACC_20209,MULE_ACC_90102,599599.19,2026-01-20 13:06:00,TRANSFER,IMPS,Yes Bank,IN,1,SMURF_FAN_OUT
TX_SMURF_FO_117078,YES_ACC_20209,MULE_ACC_90008,643293.16,2026-01-20 13:09:00,TRANSFER,IMPS,Yes Bank,IN,1,SMURF_FAN_OUT
TX_SMURF_FO_117079,YES_ACC_20209,MULE_ACC_90067,658760.02,2026-01-20 13:12:00,TRANSFER,IMPS,Yes Bank,IN,1,SMURF_FAN_OUT
TX_SMURF_FI_117080,MULE_ACC_90071,KOTAK_ACC_20154,613592.84,2026-01-20 14:00:00,SETTLEMENT,NEFT,Kotak Mahindra Bank,IN,1,SMURF_FAN_IN
TX_SMURF_FI_117081,MULE_ACC_90080,KOTAK_ACC_20154,613592.84,2026-01-20 14:05:00,SETTLEMENT,NEFT,Kotak Mahindra Bank,IN,1,SMURF_FAN_IN
TX_SMURF_FI_117082,MULE_ACC_90102,KOTAK_ACC_20154,613592.84,2026-01-20 14:10:00,SETTLEMENT,NEFT,Kotak Mahindra Bank,IN,1,SMURF_FAN_IN
TX_SMURF_FI_117083,MULE_ACC_90008,KOTAK_ACC_20154,613592.84,2026-01-20 14:15:00,SETTLEMENT,NEFT,Kotak Mahindra Bank,IN,1,SMURF_FAN_IN
TX_SMURF_FI_117084,MULE_ACC_90067,KOTAK_ACC_20154,613592.84,2026-01-20 14:20:00,SETTLEMENT,NEFT,Kotak Mahindra Bank,IN,1,SMURF_FAN_IN
TX_SMURF_FO_117085,INDUS_ACC_20059,MULE_ACC_90024,206644.15,2026-01-20 23:00:00,TRANSFER,IMPS,IndusInd Bank,IN,1,SMURF_FAN_OUT
TX_SMURF_FO_117086,INDUS_ACC_20059,MULE_ACC_90015,199710.45,2026-01-20 23:03:00,TRANSFER,IMPS,IndusInd Bank,IN,1,SMURF_FAN_OUT
TX_SMURF_FO_117087,INDUS_ACC_20059,MULE_ACC_90029,207652.65,2026-01-20 23:06:00,TRANSFER,IMPS,IndusInd Bank,IN,1,SMURF_FAN_OUT
TX_SMURF_FO_117088,INDUS_ACC_20059,MULE_ACC_90031,197087.69,2026-01-20 23:09:00,TRANSFER,IMPS,IndusInd Bank,IN,1,SMURF_FAN_OUT
TX_SMURF_FO_117089,INDUS_ACC_20059,MULE_ACC_90011,200683.57,2026-01-20 23:12:00,TRANSFER,IMPS,IndusInd Bank,IN,1,SMURF_FAN_OUT
TX_SMURF_FO_117090,INDUS_ACC_20059,MULE_ACC_90088,209661.54,2026-01-20 23:15:00,TRANSFER,IMPS,IndusInd Bank,IN,1,SMURF_FAN_OUT
TX_SMURF_FI_117091,MULE_ACC_90024,PNB_ACC_20197,196025.39,2026-01-21 00:00:00,SETTLEMENT,NEFT,Punjab National Bank,IN,1,SMURF_FAN_IN
TX_SMURF_FI_117092,MULE_ACC_90015,PNB_ACC_20197,196025.39,2026-01-21 00:05:00,SETTLEMENT,NEFT,Punjab National Bank,IN,1,SMURF_FAN_IN
TX_SMURF_FI_117093,MULE_ACC_90029,PNB_ACC_20197,196025.39,2026-01-21 00:10:00,SETTLEMENT,NEFT,Punjab National Bank,IN,1,SMURF_FAN_IN
TX_SMURF_FI_117094,MULE_ACC_90031,PNB_ACC_20197,196025.39,2026-01-21 00:15:00,SETTLEMENT,NEFT,Punjab National Bank,IN,1,SMURF_FAN_IN
TX_SMURF_FI_117095,MULE_ACC_90011,PNB_ACC_20197,196025.39,2026-01-21 00:20:00,SETTLEMENT,NEFT,Punjab National Bank,IN,1,SMURF_FAN_IN
TX_SMURF_FI_117096,MULE_ACC_90088,PNB_ACC_20197,196025.39,2026-01-21 00:25:00,SETTLEMENT,NEFT,Punjab National Bank,IN,1,SMURF_FAN_IN
TX_SMURF_FO_117097,AXIS_ACC_20229,MULE_ACC_90107,129145.76,2026-01-15 15:00:00,TRANSFER,IMPS,Axis Bank,IN,1,SMURF_FAN_OUT
TX_SMURF_FO_117098,AXIS_ACC_20229,MULE_ACC_90002,131726.67,2026-01-15 15:03:00,TRANSFER,IMPS,Axis Bank,IN,1,SMURF_FAN_OUT
TX_SMURF_FO_117099,AXIS_ACC_20229,MULE_ACC_90035,141138.25,2026-01-15 15:06:00,TRANSFER,IMPS,Axis Bank,IN,1,SMURF_FAN_OUT
TX_SMURF_FO_117100,AXIS_ACC_20229,MULE_ACC_90108,137476.0,2026-01-15 15:09:00,TRANSFER,IMPS,Axis Bank,IN,1,SMURF_FAN_OUT
TX_SMURF_FO_117101,AXIS_ACC_20229,MULE_ACC_90074,130296.15,2026-01-15 15:12:00,TRANSFER,IMPS,Axis Bank,IN,1,SMURF_FAN_OUT
TX_SMURF_FO_117102,AXIS_ACC_20229,MULE_ACC_90060,129617.37,2026-01-15 15:15:00,TRANSFER,IMPS,Axis Bank,IN,1,SMURF_FAN_OUT
TX_SMURF_FO_117103,AXIS_ACC_20229,MULE_ACC_90077,136343.56,2026-01-15 15:18:00,TRANSFER,IMPS,Axis Bank,IN,1,SMURF_FAN_OUT
TX_SMURF_FO_117104,AXIS_ACC_20229,MULE_ACC_90091,139425.07,2026-01-15 15:21:00,TRANSFER,IMPS,Axis Bank,IN,1,SMURF_FAN_OUT
TX_SMURF_FI_117105,MULE_ACC_90107,BOB_ACC_20190,132684.59,2026-01-15 16:00:00,SETTLEMENT,NEFT,Bank of Baroda,IN,1,SMURF_FAN_IN
TX_SMURF_FI_117106,MULE_ACC_90002,BOB_ACC_20190,132684.59,2026-01-15 16:05:00,SETTLEMENT,NEFT,Bank of Baroda,IN,1,SMURF_FAN_IN
TX_SMURF_FI_117107,MULE_ACC_90035,BOB_ACC_20190,132684.59,2026-01-15 16:10:00,SETTLEMENT,NEFT,Bank of Baroda,IN,1,SMURF_FAN_IN
TX_SMURF_FI_117108,MULE_ACC_90108,BOB_ACC_20190,132684.59,2026-01-15 16:15:00,SETTLEMENT,NEFT,Bank of Baroda,IN,1,SMURF_FAN_IN
TX_SMURF_FI_117109,MULE_ACC_90074,BOB_ACC_20190,132684.59,2026-01-15 16:20:00,SETTLEMENT,NEFT,Bank of Baroda,IN,1,SMURF_FAN_IN
TX_SMURF_FI_117110,MULE_ACC_90060,BOB_ACC_20190,132684.59,2026-01-15 16:25:00,SETTLEMENT,NEFT,Bank of Baroda,IN,1,SMURF_FAN_IN
TX_SMURF_FI_117111,MULE_ACC_90077,BOB_ACC_20190,132684.59,2026-01-15 16:30:00,SETTLEMENT,NEFT,Bank of Baroda,IN,1,SMURF_FAN_IN
TX_SMURF_FI_117112,MULE_ACC_90091,BOB_ACC_20190,132684.59,2026-01-15 16:35:00,SETTLEMENT,NEFT,Bank of Baroda,IN,1,SMURF_FAN_IN
TX_SMURF_FO_117113,ICICI_ACC_20157,MULE_ACC_90006,327243.86,2026-01-11 04:00:00,TRANSFER,IMPS,ICICI Bank,IN,1,SMURF_FAN_OUT
TX_SMURF_FO_117114,ICICI_ACC_20157,MULE_ACC_90099,313603.08,2026-01-11 04:03:00,TRANSFER,IMPS,ICICI Bank,IN,1,SMURF_FAN_OUT
TX_SMURF_FO_117115,ICICI_ACC_20157,MULE_ACC_90054,317885.57,2026-01-11 04:06:00,TRANSFER,IMPS,ICICI Bank,IN,1,SMURF_FAN_OUT
TX_SMURF_FO_117116,ICICI_ACC_20157,MULE_ACC_90032,332301.88,2026-01-11 04:09:00,TRANSFER,IMPS,ICICI Bank,IN,1,SMURF_FAN_OUT
TX_SMURF_FO_117117,ICICI_ACC_20157,MULE_ACC_90036,325336.69,2026-01-11 04:12:00,TRANSFER,IMPS,ICICI Bank,IN,1,SMURF_FAN_OUT
TX_SMURF_FO_117118,ICICI_ACC_20157,MULE_ACC_90108,312556.09,2026-01-11 04:15:00,TRANSFER,IMPS,ICICI Bank,IN,1,SMURF_FAN_OUT
TX_SMURF_FO_117119,ICICI_ACC_20157,MULE_ACC_90000,302596.86,2026-01-11 04:18:00,TRANSFER,IMPS,ICICI Bank,IN,1,SMURF_FAN_OUT
TX_SMURF_FI_117120,MULE_ACC_90006,YES_ACC_20102,311903.39,2026-01-11 05:00:00,SETTLEMENT,NEFT,Yes Bank,IN,1,SMURF_FAN_IN
TX_SMURF_FI_117121,MULE_ACC_90099,YES_ACC_20102,311903.39,2026-01-11 05:05:00,SETTLEMENT,NEFT,Yes Bank,IN,1,SMURF_FAN_IN
TX_SMURF_FI_117122,MULE_ACC_90054,YES_ACC_20102,311903.39,2026-01-11 05:10:00,SETTLEMENT,NEFT,Yes Bank,IN,1,SMURF_FAN_IN
TX_SMURF_FI_117123,MULE_ACC_90032,YES_ACC_20102,311903.39,2026-01-11 05:15:00,SETTLEMENT,NEFT,Yes Bank,IN,1,SMURF_FAN_IN
TX_SMURF_FI_117124,MULE_ACC_90036,YES_ACC_20102,311903.39,2026-01-11 05:20:00,SETTLEMENT,NEFT,Yes Bank,IN,1,SMURF_FAN_IN
TX_SMURF_FI_117125,MULE_ACC_90108,YES_ACC_20102,311903.39,2026-01-11 05:25:00,SETTLEMENT,NEFT,Yes Bank,IN,1,SMURF_FAN_IN
TX_SMURF_FI_117126,MULE_ACC_90000,YES_ACC_20102,311903.39,2026-01-11 05:30:00,SETTLEMENT,NEFT,Yes Bank,IN,1,SMURF_FAN_IN
TX_SMURF_FO_117127,BOB_ACC_20189,MULE_ACC_90005,528486.75,2026-01-15 03:00:00,TRANSFER,IMPS,Bank of Baroda,IN,1,SMURF_FAN_OUT
TX_SMURF_FO_117128,BOB_ACC_20189,MULE_ACC_90044,536943.5,2026-01-15 03:03:00,TRANSFER,IMPS,Bank of Baroda,IN,1,SMURF_FAN_OUT
TX_SMURF_FO_117129,BOB_ACC_20189,MULE_ACC_90036,509912.98,2026-01-15 03:06:00,TRANSFER,IMPS,Bank of Baroda,IN,1,SMURF_FAN_OUT
TX_SMURF_FO_117130,BOB_ACC_20189,MULE_ACC_90019,541085.99,2026-01-15 03:09:00,TRANSFER,IMPS,Bank of Baroda,IN,1,SMURF_FAN_OUT
TX_SMURF_FI_117131,MULE_ACC_90005,ICICI_ACC_20100,523988.45,2026-01-15 04:00:00,SETTLEMENT,NEFT,ICICI Bank,IN,1,SMURF_FAN_IN
TX_SMURF_FI_117132,MULE_ACC_90044,ICICI_ACC_20100,523988.45,2026-01-15 04:05:00,SETTLEMENT,NEFT,ICICI Bank,IN,1,SMURF_FAN_IN
TX_SMURF_FI_117133,MULE_ACC_90036,ICICI_ACC_20100,523988.45,2026-01-15 04:10:00,SETTLEMENT,NEFT,ICICI Bank,IN,1,SMURF_FAN_IN
TX_SMURF_FI_117134,MULE_ACC_90019,ICICI_ACC_20100,523988.45,2026-01-15 04:15:00,SETTLEMENT,NEFT,ICICI Bank,IN,1,SMURF_FAN_IN
TX_SMURF_FO_117135,PNB_ACC_20027,MULE_ACC_90038,488877.63,2026-01-13 07:00:00,TRANSFER,IMPS,Punjab National Bank,IN,1,SMURF_FAN_OUT
TX_SMURF_FO_117136,PNB_ACC_20027,MULE_ACC_90037,507428.7,2026-01-13 07:03:00,TRANSFER,IMPS,Punjab National Bank,IN,1,SMURF_FAN_OUT
TX_SMURF_FO_117137,PNB_ACC_20027,MULE_ACC_90009,511328.4,2026-01-13 07:06:00,TRANSFER,IMPS,Punjab National Bank,IN,1,SMURF_FAN_OUT
TX_SMURF_FO_117138,PNB_ACC_20027,MULE_ACC_90031,514506.53,2026-01-13 07:09:00,TRANSFER,IMPS,Punjab National Bank,IN,1,SMURF_FAN_OUT
TX_SMURF_FO_117139,PNB_ACC_20027,MULE_ACC_90097,490851.83,2026-01-13 07:12:00,TRANSFER,IMPS,Punjab National Bank,IN,1,SMURF_FAN_OUT
TX_SMURF_FO_117140,PNB_ACC_20027,MULE_ACC_90067,479325.76,2026-01-13 07:15:00,TRANSFER,IMPS,Punjab National Bank,IN,1,SMURF_FAN_OUT
TX_SMURF_FI_117141,MULE_ACC_90038,YES_ACC_20078,486466.1,2026-01-13 08:00:00,SETTLEMENT,NEFT,Yes Bank,IN,1,SMURF_FAN_IN
TX_SMURF_FI_117142,MULE_ACC_90037,YES_ACC_20078,486466.1,2026-01-13 08:05:00,SETTLEMENT,NEFT,Yes Bank,IN,1,SMURF_FAN_IN
TX_SMURF_FI_117143,MULE_ACC_90009,YES_ACC_20078,486466.1,2026-01-13 08:10:00,SETTLEMENT,NEFT,Yes Bank,IN,1,SMURF_FAN_IN
TX_SMURF_FI_117144,MULE_ACC_90031,YES_ACC_20078,486466.1,2026-01-13 08:15:00,SETTLEMENT,NEFT,Yes Bank,IN,1,SMURF_FAN_IN
TX_SMURF_FI_117145,MULE_ACC_90097,YES_ACC_20078,486466.1,2026-01-13 08:20:00,SETTLEMENT,NEFT,Yes Bank,IN,1,SMURF_FAN_IN
TX_SMURF_FI_117146,MULE_ACC_90067,YES_ACC_20078,486466.1,2026-01-13 08:25:00,SETTLEMENT,NEFT,Yes Bank,IN,1,SMURF_FAN_IN
TX_SMURF_FO_117147,AXIS_ACC_20117,MULE_ACC_90098,287772.0,2026-01-21 11:00:00,TRANSFER,IMPS,Axis Bank,IN,1,SMURF_FAN_OUT
TX_SMURF_FO_117148,AXIS_ACC_20117,MULE_ACC_90007,278791.18,2026-01-21 11:03:00,TRANSFER,IMPS,Axis Bank,IN,1,SMURF_FAN_OUT
TX_SMURF_FO_117149,AXIS_ACC_20117,MULE_ACC_90108,294043.8,2026-01-21 11:06:00,TRANSFER,IMPS,Axis Bank,IN,1,SMURF_FAN_OUT
TX_SMURF_FO_117150,AXIS_ACC_20117,MULE_ACC_90049,286827.85,2026-01-21 11:09:00,TRANSFER,IMPS,Axis Bank,IN,1,SMURF_FAN_OUT
TX_SMURF_FO_117151,AXIS_ACC_20117,MULE_ACC_90097,272537.18,2026-01-21 11:12:00,TRANSFER,IMPS,Axis Bank,IN,1,SMURF_FAN_OUT
TX_SMURF_FO_117152,AXIS_ACC_20117,MULE_ACC_90012,271468.08,2026-01-21 11:15:00,TRANSFER,IMPS,Axis Bank,IN,1,SMURF_FAN_OUT
TX_SMURF_FO_117153,AXIS_ACC_20117,MULE_ACC_90063,282435.6,2026-01-21 11:18:00,TRANSFER,IMPS,Axis Bank,IN,1,SMURF_FAN_OUT
TX_SMURF_FO_117154,AXIS_ACC_20117,MULE_ACC_90061,273213.25,2026-01-21 11:21:00,TRANSFER,IMPS,Axis Bank,IN,1,SMURF_FAN_OUT
TX_SMURF_FI_117155,MULE_ACC_90098,AXIS_ACC_20062,278481.4,2026-01-21 12:00:00,SETTLEMENT,NEFT,Axis Bank,IN,1,SMURF_FAN_IN
TX_SMURF_FI_117156,MULE_ACC_90007,AXIS_ACC_20062,278481.4,2026-01-21 12:05:00,SETTLEMENT,NEFT,Axis Bank,IN,1,SMURF_FAN_IN
TX_SMURF_FI_117157,MULE_ACC_90108,AXIS_ACC_20062,278481.4,2026-01-21 12:10:00,SETTLEMENT,NEFT,Axis Bank,IN,1,SMURF_FAN_IN
TX_SMURF_FI_117158,MULE_ACC_90049,AXIS_ACC_20062,278481.4,2026-01-21 12:15:00,SETTLEMENT,NEFT,Axis Bank,IN,1,SMURF_FAN_IN
TX_SMURF_FI_117159,MULE_ACC_90097,AXIS_ACC_20062,278481.4,2026-01-21 12:20:00,SETTLEMENT,NEFT,Axis Bank,IN,1,SMURF_FAN_IN
TX_SMURF_FI_117160,MULE_ACC_90012,AXIS_ACC_20062,278481.4,2026-01-21 12:25:00,SETTLEMENT,NEFT,Axis Bank,IN,1,SMURF_FAN_IN
TX_SMURF_FI_117161,MULE_ACC_90063,AXIS_ACC_20062,278481.4,2026-01-21 12:30:00,SETTLEMENT,NEFT,Axis Bank,IN,1,SMURF_FAN_IN
TX_SMURF_FI_117162,MULE_ACC_90061,AXIS_ACC_20062,278481.4,2026-01-21 12:35:00,SETTLEMENT,NEFT,Axis Bank,IN,1,SMURF_FAN_IN
TX_SMURF_FO_117163,PNB_ACC_20241,MULE_ACC_90003,149778.2,2026-01-16 03:00:00,TRANSFER,IMPS,Punjab National Bank,IN,1,SMURF_FAN_OUT
TX_SMURF_FO_117164,PNB_ACC_20241,MULE_ACC_90059,149634.59,2026-01-16 03:03:00,TRANSFER,IMPS,Punjab National Bank,IN,1,SMURF_FAN_OUT
TX_SMURF_FO_117165,PNB_ACC_20241,MULE_ACC_90100,143067.76,2026-01-16 03:06:00,TRANSFER,IMPS,Punjab National Bank,IN,1,SMURF_FAN_OUT
TX_SMURF_FO_117166,PNB_ACC_20241,MULE_ACC_90051,152206.35,2026-01-16 03:09:00,TRANSFER,IMPS,Punjab National Bank,IN,1,SMURF_FAN_OUT
TX_SMURF_FO_117167,PNB_ACC_20241,MULE_ACC_90015,151138.99,2026-01-16 03:12:00,TRANSFER,IMPS,Punjab National Bank,IN,1,SMURF_FAN_OUT
TX_SMURF_FO_117168,PNB_ACC_20241,MULE_ACC_90032,149219.88,2026-01-16 03:15:00,TRANSFER,IMPS,Punjab National Bank,IN,1,SMURF_FAN_OUT
TX_SMURF_FI_117169,MULE_ACC_90003,BOB_ACC_20161,145738.34,2026-01-16 04:00:00,SETTLEMENT,NEFT,Bank of Baroda,IN,1,SMURF_FAN_IN
TX_SMURF_FI_117170,MULE_ACC_90059,BOB_ACC_20161,145738.34,2026-01-16 04:05:00,SETTLEMENT,NEFT,Bank of Baroda,IN,1,SMURF_FAN_IN
TX_SMURF_FI_117171,MULE_ACC_90100,BOB_ACC_20161,145738.34,2026-01-16 04:10:00,SETTLEMENT,NEFT,Bank of Baroda,IN,1,SMURF_FAN_IN
TX_SMURF_FI_117172,MULE_ACC_90051,BOB_ACC_20161,145738.34,2026-01-16 04:15:00,SETTLEMENT,NEFT,Bank of Baroda,IN,1,SMURF_FAN_IN
TX_SMURF_FI_117173,MULE_ACC_90015,BOB_ACC_20161,145738.34,2026-01-16 04:20:00,SETTLEMENT,NEFT,Bank of Baroda,IN,1,SMURF_FAN_IN
TX_SMURF_FI_117174,MULE_ACC_90032,BOB_ACC_20161,145738.34,2026-01-16 04:25:00,SETTLEMENT,NEFT,Bank of Baroda,IN,1,SMURF_FAN_IN
TX_SMURF_FO_117175,AXIS_ACC_20219,MULE_ACC_90102,192641.59,2026-01-23 19:00:00,TRANSFER,IMPS,Axis Bank,IN,1,SMURF_FAN_OUT
TX_SMURF_FO_117176,AXIS_ACC_20219,MULE_ACC_90013,196494.57,2026-01-23 19:03:00,TRANSFER,IMPS,Axis Bank,IN,1,SMURF_FAN_OUT
TX_SMURF_FO_117177,AXIS_ACC_20219,MULE_ACC_90007,206446.37,2026-01-23 19:06:00,TRANSFER,IMPS,Axis Bank,IN,1,SMURF_FAN_OUT
TX_SMURF_FO_117178,AXIS_ACC_20219,MULE_ACC_90076,203758.96,2026-01-23 19:09:00,TRANSFER,IMPS,Axis Bank,IN,1,SMURF_FAN_OUT
TX_SMURF_FO_117179,AXIS_ACC_20219,MULE_ACC_90023,192853.29,2026-01-23 19:12:00,TRANSFER,IMPS,Axis Bank,IN,1,SMURF_FAN_OUT
TX_SMURF_FI_117180,MULE_ACC_90102,AXIS_ACC_20142,196356.91,2026-01-23 20:00:00,SETTLEMENT,NEFT,Axis Bank,IN,1,SMURF_FAN_IN
TX_SMURF_FI_117181,MULE_ACC_90013,AXIS_ACC_20142,196356.91,2026-01-23 20:05:00,SETTLEMENT,NEFT,Axis Bank,IN,1,SMURF_FAN_IN
TX_SMURF_FI_117182,MULE_ACC_90007,AXIS_ACC_20142,196356.91,2026-01-23 20:10:00,SETTLEMENT,NEFT,Axis Bank,IN,1,SMURF_FAN_IN
TX_SMURF_FI_117183,MULE_ACC_90076,AXIS_ACC_20142,196356.91,2026-01-23 20:15:00,SETTLEMENT,NEFT,Axis Bank,IN,1,SMURF_FAN_IN
TX_SMURF_FI_117184,MULE_ACC_90023,AXIS_ACC_20142,196356.91,2026-01-23 20:20:00,SETTLEMENT,NEFT,Axis Bank,IN,1,SMURF_FAN_IN
TX_SMURF_FO_117185,INDUS_ACC_20142,MULE_ACC_90073,570333.98,2026-01-20 09:00:00,TRANSFER,IMPS,IndusInd Bank,IN,1,SMURF_FAN_OUT
TX_SMURF_FO_117186,INDUS_ACC_20142,MULE_ACC_90115,569821.0,2026-01-20 09:03:00,TRANSFER,IMPS,IndusInd Bank,IN,1,SMURF_FAN_OUT
TX_SMURF_FO_117187,INDUS_ACC_20142,MULE_ACC_90065,583844.29,2026-01-20 09:06:00,TRANSFER,IMPS,IndusInd Bank,IN,1,SMURF_FAN_OUT
TX_SMURF_FO_117188,INDUS_ACC_20142,MULE_ACC_90107,545053.78,2026-01-20 09:09:00,TRANSFER,IMPS,IndusInd Bank,IN,1,SMURF_FAN_OUT
TX_SMURF_FI_117189,MULE_ACC_90073,PNB_ACC_20225,548382.19,2026-01-20 10:00:00,SETTLEMENT,NEFT,Punjab National Bank,IN,1,SMURF_FAN_IN
TX_SMURF_FI_117190,MULE_ACC_90115,PNB_ACC_20225,548382.19,2026-01-20 10:05:00,SETTLEMENT,NEFT,Punjab National Bank,IN,1,SMURF_FAN_IN
TX_SMURF_FI_117191,MULE_ACC_90065,PNB_ACC_20225,548382.19,2026-01-20 10:10:00,SETTLEMENT,NEFT,Punjab National Bank,IN,1,SMURF_FAN_IN
TX_SMURF_FI_117192,MULE_ACC_90107,PNB_ACC_20225,548382.19,2026-01-20 10:15:00,SETTLEMENT,NEFT,Punjab National Bank,IN,1,SMURF_FAN_IN
TX_SMURF_FO_117193,INDUS_ACC_20234,MULE_ACC_90077,276673.54,2026-01-15 06:00:00,TRANSFER,IMPS,IndusInd Bank,IN,1,SMURF_FAN_OUT
TX_SMURF_FO_117194,INDUS_ACC_20234,MULE_ACC_90001,265541.83,2026-01-15 06:03:00,TRANSFER,IMPS,IndusInd Bank,IN,1,SMURF_FAN_OUT
TX_SMURF_FO_117195,INDUS_ACC_20234,MULE_ACC_90080,254754.01,2026-01-15 06:06:00,TRANSFER,IMPS,IndusInd Bank,IN,1,SMURF_FAN_OUT
TX_SMURF_FO_117196,INDUS_ACC_20234,MULE_ACC_90053,273048.99,2026-01-15 06:09:00,TRANSFER,IMPS,IndusInd Bank,IN,1,SMURF_FAN_OUT
TX_SMURF_FO_117197,INDUS_ACC_20234,MULE_ACC_90081,254529.14,2026-01-15 06:12:00,TRANSFER,IMPS,IndusInd Bank,IN,1,SMURF_FAN_OUT
TX_SMURF_FO_117198,INDUS_ACC_20234,MULE_ACC_90014,275233.42,2026-01-15 06:15:00,TRANSFER,IMPS,IndusInd Bank,IN,1,SMURF_FAN_OUT
TX_SMURF_FO_117199,INDUS_ACC_20234,MULE_ACC_90078,266513.97,2026-01-15 06:18:00,TRANSFER,IMPS,IndusInd Bank,IN,1,SMURF_FAN_OUT
TX_SMURF_FI_117200,MULE_ACC_90077,KOTAK_ACC_20231,258230.48,2026-01-15 07:00:00,SETTLEMENT,NEFT,Kotak Mahindra Bank,IN,1,SMURF_FAN_IN
TX_SMURF_FI_117201,MULE_ACC_90001,KOTAK_ACC_20231,258230.48,2026-01-15 07:05:00,SETTLEMENT,NEFT,Kotak Mahindra Bank,IN,1,SMURF_FAN_IN
TX_SMURF_FI_117202,MULE_ACC_90080,KOTAK_ACC_20231,258230.48,2026-01-15 07:10:00,SETTLEMENT,NEFT,Kotak Mahindra Bank,IN,1,SMURF_FAN_IN
TX_SMURF_FI_117203,MULE_ACC_90053,KOTAK_ACC_20231,258230.48,2026-01-15 07:15:00,SETTLEMENT,NEFT,Kotak Mahindra Bank,IN,1,SMURF_FAN_IN
TX_SMURF_FI_117204,MULE_ACC_90081,KOTAK_ACC_20231,258230.48,2026-01-15 07:20:00,SETTLEMENT,NEFT,Kotak Mahindra Bank,IN,1,SMURF_FAN_IN
TX_SMURF_FI_117205,MULE_ACC_90014,KOTAK_ACC_20231,258230.48,2026-01-15 07:25:00,SETTLEMENT,NEFT,Kotak Mahindra Bank,IN,1,SMURF_FAN_IN
TX_SMURF_FI_117206,MULE_ACC_90078,KOTAK_ACC_20231,258230.48,2026-01-15 07:30:00,SETTLEMENT,NEFT,Kotak Mahindra Bank,IN,1,SMURF_FAN_IN
TX_SMURF_FO_117207,ICICI_ACC_20046,MULE_ACC_90058,635436.43,2026-01-20 11:00:00,TRANSFER,IMPS,ICICI Bank,IN,1,SMURF_FAN_OUT
TX_SMURF_FO_117208,ICICI_ACC_20046,MULE_ACC_90040,610509.63,2026-01-20 11:03:00,TRANSFER,IMPS,ICICI Bank,IN,1,SMURF_FAN_OUT
TX_SMURF_FO_117209,ICICI_ACC_20046,MULE_ACC_90041,596535.98,2026-01-20 11:06:00,TRANSFER,IMPS,ICICI Bank,IN,1,SMURF_FAN_OUT
TX_SMURF_FO_117210,ICICI_ACC_20046,MULE_ACC_90086,631671.9,2026-01-20 11:09:00,TRANSFER,IMPS,ICICI Bank,IN,1,SMURF_FAN_OUT
TX_SMURF_FO_117211,ICICI_ACC_20046,MULE_ACC_90063,589316.11,2026-01-20 11:12:00,TRANSFER,IMPS,ICICI Bank,IN,1,SMURF_FAN_OUT
TX_SMURF_FI_117212,MULE_ACC_90058,AXIS_ACC_20095,606308.63,2026-01-20 12:00:00,SETTLEMENT,NEFT,Axis Bank,IN,1,SMURF_FAN_IN
TX_SMURF_FI_117213,MULE_ACC_90040,AXIS_ACC_20095,606308.63,2026-01-20 12:05:00,SETTLEMENT,NEFT,Axis Bank,IN,1,SMURF_FAN_IN
TX_SMURF_FI_117214,MULE_ACC_90041,AXIS_ACC_20095,606308.63,2026-01-20 12:10:00,SETTLEMENT,NEFT,Axis Bank,IN,1,SMURF_FAN_IN
TX_SMURF_FI_117215,MULE_ACC_90086,AXIS_ACC_20095,606308.63,2026-01-20 12:15:00,SETTLEMENT,NEFT,Axis Bank,IN,1,SMURF_FAN_IN
TX_SMURF_FI_117216,MULE_ACC_90063,AXIS_ACC_20095,606308.63,2026-01-20 12:20:00,SETTLEMENT,NEFT,Axis Bank,IN,1,SMURF_FAN_IN
TX_SMURF_FO_117217,HDFC_ACC_20243,MULE_ACC_90056,328925.85,2026-01-19 22:00:00,TRANSFER,IMPS,HDFC Bank,IN,1,SMURF_FAN_OUT
TX_SMURF_FO_117218,HDFC_ACC_20243,MULE_ACC_90019,328580.31,2026-01-19 22:03:00,TRANSFER,IMPS,HDFC Bank,IN,1,SMURF_FAN_OUT
TX_SMURF_FO_117219,HDFC_ACC_20243,MULE_ACC_90005,337427.6,2026-01-19 22:06:00,TRANSFER,IMPS,HDFC Bank,IN,1,SMURF_FAN_OUT
TX_SMURF_FO_117220,HDFC_ACC_20243,MULE_ACC_90052,343317.14,2026-01-19 22:09:00,TRANSFER,IMPS,HDFC Bank,IN,1,SMURF_FAN_OUT
TX_SMURF_FO_117221,HDFC_ACC_20243,MULE_ACC_90078,330780.48,2026-01-19 22:12:00,TRANSFER,IMPS,HDFC Bank,IN,1,SMURF_FAN_OUT
TX_SMURF_FO_117222,HDFC_ACC_20243,MULE_ACC_90051,339407.63,2026-01-19 22:15:00,TRANSFER,IMPS,HDFC Bank,IN,1,SMURF_FAN_OUT
TX_SMURF_FO_117223,HDFC_ACC_20243,MULE_ACC_90046,328016.43,2026-01-19 22:18:00,TRANSFER,IMPS,HDFC Bank,IN,1,SMURF_FAN_OUT
TX_SMURF_FO_117224,HDFC_ACC_20243,MULE_ACC_90110,317658.84,2026-01-19 22:21:00,TRANSFER,IMPS,HDFC Bank,IN,1,SMURF_FAN_OUT
TX_SMURF_FI_117225,MULE_ACC_90056,CANARA_ACC_20218,320709.96,2026-01-19 23:00:00,SETTLEMENT,NEFT,Canara Bank,IN,1,SMURF_FAN_IN
TX_SMURF_FI_117226,MULE_ACC_90019,CANARA_ACC_20218,320709.96,2026-01-19 23:05:00,SETTLEMENT,NEFT,Canara Bank,IN,1,SMURF_FAN_IN
TX_SMURF_FI_117227,MULE_ACC_90005,CANARA_ACC_20218,320709.96,2026-01-19 23:10:00,SETTLEMENT,NEFT,Canara Bank,IN,1,SMURF_FAN_IN
TX_SMURF_FI_117228,MULE_ACC_90052,CANARA_ACC_20218,320709.96,2026-01-19 23:15:00,SETTLEMENT,NEFT,Canara Bank,IN,1,SMURF_FAN_IN
TX_SMURF_FI_117229,MULE_ACC_90078,CANARA_ACC_20218,320709.96,2026-01-19 23:20:00,SETTLEMENT,NEFT,Canara Bank,IN,1,SMURF_FAN_IN
TX_SMURF_FI_117230,MULE_ACC_90051,CANARA_ACC_20218,320709.96,2026-01-19 23:25:00,SETTLEMENT,NEFT,Canara Bank,IN,1,SMURF_FAN_IN
TX_SMURF_FI_117231,MULE_ACC_90046,CANARA_ACC_20218,320709.96,2026-01-19 23:30:00,SETTLEMENT,NEFT,Canara Bank,IN,1,SMURF_FAN_IN
TX_SMURF_FI_117232,MULE_ACC_90110,CANARA_ACC_20218,320709.96,2026-01-19 23:35:00,SETTLEMENT,NEFT,Canara Bank,IN,1,SMURF_FAN_IN
TX_SMURF_FO_117233,SBI_ACC_20131,MULE_ACC_90026,297147.27,2026-01-15 01:00:00,TRANSFER,IMPS,State Bank of India,IN,1,SMURF_FAN_OUT
TX_SMURF_FO_117234,SBI_ACC_20131,MULE_ACC_90077,304227.51,2026-01-15 01:03:00,TRANSFER,IMPS,State Bank of India,IN,1,SMURF_FAN_OUT
TX_SMURF_FO_117235,SBI_ACC_20131,MULE_ACC_90063,310233.58,2026-01-15 01:06:00,TRANSFER,IMPS,State Bank of India,IN,1,SMURF_FAN_OUT
TX_SMURF_FO_117236,SBI_ACC_20131,MULE_ACC_90016,311365.83,2026-01-15 01:09:00,TRANSFER,IMPS,State Bank of India,IN,1,SMURF_FAN_OUT
TX_SMURF_FO_117237,SBI_ACC_20131,MULE_ACC_90000,305658.38,2026-01-15 01:12:00,TRANSFER,IMPS,State Bank of India,IN,1,SMURF_FAN_OUT
TX_SMURF_FO_117238,SBI_ACC_20131,MULE_ACC_90117,307852.38,2026-01-15 01:15:00,TRANSFER,IMPS,State Bank of India,IN,1,SMURF_FAN_OUT
TX_SMURF_FO_117239,SBI_ACC_20131,MULE_ACC_90005,310000.08,2026-01-15 01:18:00,TRANSFER,IMPS,State Bank of India,IN,1,SMURF_FAN_OUT
TX_SMURF_FO_117240,SBI_ACC_20131,MULE_ACC_90050,319395.83,2026-01-15 01:21:00,TRANSFER,IMPS,State Bank of India,IN,1,SMURF_FAN_OUT
TX_SMURF_FI_117241,MULE_ACC_90026,KOTAK_ACC_20209,302085.53,2026-01-15 02:00:00,SETTLEMENT,NEFT,Kotak Mahindra Bank,IN,1,SMURF_FAN_IN
TX_SMURF_FI_117242,MULE_ACC_90077,KOTAK_ACC_20209,302085.53,2026-01-15 02:05:00,SETTLEMENT,NEFT,Kotak Mahindra Bank,IN,1,SMURF_FAN_IN
TX_SMURF_FI_117243,MULE_ACC_90063,KOTAK_ACC_20209,302085.53,2026-01-15 02:10:00,SETTLEMENT,NEFT,Kotak Mahindra Bank,IN,1,SMURF_FAN_IN
TX_SMURF_FI_117244,MULE_ACC_90016,KOTAK_ACC_20209,302085.53,2026-01-15 02:15:00,SETTLEMENT,NEFT,Kotak Mahindra Bank,IN,1,SMURF_FAN_IN
TX_SMURF_FI_117245,MULE_ACC_90000,KOTAK_ACC_20209,302085.53,2026-01-15 02:20:00,SETTLEMENT,NEFT,Kotak Mahindra Bank,IN,1,SMURF_FAN_IN
TX_SMURF_FI_117246,MULE_ACC_90117,KOTAK_ACC_20209,302085.53,2026-01-15 02:25:00,SETTLEMENT,NEFT,Kotak Mahindra Bank,IN,1,SMURF_FAN_IN
TX_SMURF_FI_117247,MULE_ACC_90005,KOTAK_ACC_20209,302085.53,2026-01-15 02:30:00,SETTLEMENT,NEFT,Kotak Mahindra Bank,IN,1,SMURF_FAN_IN
TX_SMURF_FI_117248,MULE_ACC_90050,KOTAK_ACC_20209,302085.53,2026-01-15 02:35:00,SETTLEMENT,NEFT,Kotak Mahindra Bank,IN,1,SMURF_FAN_IN
TX_SMURF_FO_117249,AXIS_ACC_20102,MULE_ACC_90055,647506.01,2026-01-21 02:00:00,TRANSFER,IMPS,Axis Bank,IN,1,SMURF_FAN_OUT
TX_SMURF_FO_117250,AXIS_ACC_20102,MULE_ACC_90095,584656.03,2026-01-21 02:03:00,TRANSFER,IMPS,Axis Bank,IN,1,SMURF_FAN_OUT
TX_SMURF_FO_117251,AXIS_ACC_20102,MULE_ACC_90008,599126.63,2026-01-21 02:06:00,TRANSFER,IMPS,Axis Bank,IN,1,SMURF_FAN_OUT
TX_SMURF_FO_117252,AXIS_ACC_20102,MULE_ACC_90072,589397.76,2026-01-21 02:09:00,TRANSFER,IMPS,Axis Bank,IN,1,SMURF_FAN_OUT
TX_SMURF_FI_117253,MULE_ACC_90055,YES_ACC_20218,602929.62,2026-01-21 03:00:00,SETTLEMENT,NEFT,Yes Bank,IN,1,SMURF_FAN_IN
TX_SMURF_FI_117254,MULE_ACC_90095,YES_ACC_20218,602929.62,2026-01-21 03:05:00,SETTLEMENT,NEFT,Yes Bank,IN,1,SMURF_FAN_IN
TX_SMURF_FI_117255,MULE_ACC_90008,YES_ACC_20218,602929.62,2026-01-21 03:10:00,SETTLEMENT,NEFT,Yes Bank,IN,1,SMURF_FAN_IN
TX_SMURF_FI_117256,MULE_ACC_90072,YES_ACC_20218,602929.62,2026-01-21 03:15:00,SETTLEMENT,NEFT,Yes Bank,IN,1,SMURF_FAN_IN
TX_SMURF_FO_117257,KOTAK_ACC_20165,MULE_ACC_90112,321287.76,2026-01-14 21:00:00,TRANSFER,IMPS,Kotak Mahindra Bank,IN,1,SMURF_FAN_OUT
TX_SMURF_FO_117258,KOTAK_ACC_20165,MULE_ACC_90071,354979.55,2026-01-14 21:03:00,TRANSFER,IMPS,Kotak Mahindra Bank,IN,1,SMURF_FAN_OUT
TX_SMURF_FO_117259,KOTAK_ACC_20165,MULE_ACC_90069,318883.53,2026-01-14 21:06:00,TRANSFER,IMPS,Kotak Mahindra Bank,IN,1,SMURF_FAN_OUT
TX_SMURF_FO_117260,KOTAK_ACC_20165,MULE_ACC_90000,346991.26,2026-01-14 21:09:00,TRANSFER,IMPS,Kotak Mahindra Bank,IN,1,SMURF_FAN_OUT
TX_SMURF_FO_117261,KOTAK_ACC_20165,MULE_ACC_90011,344786.76,2026-01-14 21:12:00,TRANSFER,IMPS,Kotak Mahindra Bank,IN,1,SMURF_FAN_OUT
TX_SMURF_FI_117262,MULE_ACC_90112,SBI_ACC_20065,328923.95,2026-01-14 22:00:00,SETTLEMENT,NEFT,State Bank of India,IN,1,SMURF_FAN_IN
TX_SMURF_FI_117263,MULE_ACC_90071,SBI_ACC_20065,328923.95,2026-01-14 22:05:00,SETTLEMENT,NEFT,State Bank of India,IN,1,SMURF_FAN_IN
TX_SMURF_FI_117264,MULE_ACC_90069,SBI_ACC_20065,328923.95,2026-01-14 22:10:00,SETTLEMENT,NEFT,State Bank of India,IN,1,SMURF_FAN_IN
TX_SMURF_FI_117265,MULE_ACC_90000,SBI_ACC_20065,328923.95,2026-01-14 22:15:00,SETTLEMENT,NEFT,State Bank of India,IN,1,SMURF_FAN_IN
TX_SMURF_FI_117266,MULE_ACC_90011,SBI_ACC_20065,328923.95,2026-01-14 22:20:00,SETTLEMENT,NEFT,State Bank of India,IN,1,SMURF_FAN_IN
TX_SMURF_FO_117267,AXIS_ACC_20094,MULE_ACC_90041,198690.06,2026-01-12 00:00:00,TRANSFER,IMPS,Axis Bank,IN,1,SMURF_FAN_OUT
TX_SMURF_FO_117268,AXIS_ACC_20094,MULE_ACC_90083,213279.34,2026-01-12 00:03:00,TRANSFER,IMPS,Axis Bank,IN,1,SMURF_FAN_OUT
TX_SMURF_FO_117269,AXIS_ACC_20094,MULE_ACC_90114,193861.37,2026-01-12 00:06:00,TRANSFER,IMPS,Axis Bank,IN,1,SMURF_FAN_OUT
TX_SMURF_FO_117270,AXIS_ACC_20094,MULE_ACC_90071,209138.2,2026-01-12 00:09:00,TRANSFER,IMPS,Axis Bank,IN,1,SMURF_FAN_OUT
TX_SMURF_FO_117271,AXIS_ACC_20094,MULE_ACC_90037,213963.82,2026-01-12 00:12:00,TRANSFER,IMPS,Axis Bank,IN,1,SMURF_FAN_OUT
TX_SMURF_FO_117272,AXIS_ACC_20094,MULE_ACC_90100,199286.85,2026-01-12 00:15:00,TRANSFER,IMPS,Axis Bank,IN,1,SMURF_FAN_OUT
TX_SMURF_FO_117273,AXIS_ACC_20094,MULE_ACC_90023,212524.31,2026-01-12 00:18:00,TRANSFER,IMPS,Axis Bank,IN,1,SMURF_FAN_OUT
TX_SMURF_FO_117274,AXIS_ACC_20094,MULE_ACC_90042,212078.78,2026-01-12 00:21:00,TRANSFER,IMPS,Axis Bank,IN,1,SMURF_FAN_OUT
TX_SMURF_FI_117275,MULE_ACC_90041,AXIS_ACC_20077,198629.33,2026-01-12 01:00:00,SETTLEMENT,NEFT,Axis Bank,IN,1,SMURF_FAN_IN
TX_SMURF_FI_117276,MULE_ACC_90083,AXIS_ACC_20077,198629.33,2026-01-12 01:05:00,SETTLEMENT,NEFT,Axis Bank,IN,1,SMURF_FAN_IN
TX_SMURF_FI_117277,MULE_ACC_90114,AXIS_ACC_20077,198629.33,2026-01-12 01:10:00,SETTLEMENT,NEFT,Axis Bank,IN,1,SMURF_FAN_IN
TX_SMURF_FI_117278,MULE_ACC_90071,AXIS_ACC_20077,198629.33,2026-01-12 01:15:00,SETTLEMENT,NEFT,Axis Bank,IN,1,SMURF_FAN_IN
TX_SMURF_FI_117279,MULE_ACC_90037,AXIS_ACC_20077,198629.33,2026-01-12 01:20:00,SETTLEMENT,NEFT,Axis Bank,IN,1,SMURF_FAN_IN
TX_SMURF_FI_117280,MULE_ACC_90100,AXIS_ACC_20077,198629.33,2026-01-12 01:25:00,SETTLEMENT,NEFT,Axis Bank,IN,1,SMURF_FAN_IN
TX_SMURF_FI_117281,MULE_ACC_90023,AXIS_ACC_20077,198629.33,2026-01-12 01:30:00,SETTLEMENT,NEFT,Axis Bank,IN,1,SMURF_FAN_IN
TX_SMURF_FI_117282,MULE_ACC_90042,AXIS_ACC_20077,198629.33,2026-01-12 01:35:00,SETTLEMENT,NEFT,Axis Bank,IN,1,SMURF_FAN_IN
TX_SMURF_FO_117283,YES_ACC_20099,MULE_ACC_90095,268952.36,2026-01-13 01:00:00,TRANSFER,IMPS,Yes Bank,IN,1,SMURF_FAN_OUT
TX_SMURF_FO_117284,YES_ACC_20099,MULE_ACC_90025,252361.03,2026-01-13 01:03:00,TRANSFER,IMPS,Yes Bank,IN,1,SMURF_FAN_OUT
TX_SMURF_FO_117285,YES_ACC_20099,MULE_ACC_90023,251524.5,2026-01-13 01:06:00,TRANSFER,IMPS,Yes Bank,IN,1,SMURF_FAN_OUT
TX_SMURF_FO_117286,YES_ACC_20099,MULE_ACC_90099,260430.23,2026-01-13 01:09:00,TRANSFER,IMPS,Yes Bank,IN,1,SMURF_FAN_OUT
TX_SMURF_FO_117287,YES_ACC_20099,MULE_ACC_90045,247989.53,2026-01-13 01:12:00,TRANSFER,IMPS,Yes Bank,IN,1,SMURF_FAN_OUT
TX_SMURF_FO_117288,YES_ACC_20099,MULE_ACC_90061,264687.38,2026-01-13 01:15:00,TRANSFER,IMPS,Yes Bank,IN,1,SMURF_FAN_OUT
TX_SMURF_FO_117289,YES_ACC_20099,MULE_ACC_90086,245652.76,2026-01-13 01:18:00,TRANSFER,IMPS,Yes Bank,IN,1,SMURF_FAN_OUT
TX_SMURF_FO_117290,YES_ACC_20099,MULE_ACC_90073,260636.08,2026-01-13 01:21:00,TRANSFER,IMPS,Yes Bank,IN,1,SMURF_FAN_OUT
TX_SMURF_FI_117291,MULE_ACC_90095,SBI_ACC_20025,249172.63,2026-01-13 02:00:00,SETTLEMENT,NEFT,State Bank of India,IN,1,SMURF_FAN_IN
TX_SMURF_FI_117292,MULE_ACC_90025,SBI_ACC_20025,249172.63,2026-01-13 02:05:00,SETTLEMENT,NEFT,State Bank of India,IN,1,SMURF_FAN_IN
TX_SMURF_FI_117293,MULE_ACC_90023,SBI_ACC_20025,249172.63,2026-01-13 02:10:00,SETTLEMENT,NEFT,State Bank of India,IN,1,SMURF_FAN_IN
TX_SMURF_FI_117294,MULE_ACC_90099,SBI_ACC_20025,249172.63,2026-01-13 02:15:00,SETTLEMENT,NEFT,State Bank of India,IN,1,SMURF_FAN_IN
TX_SMURF_FI_117295,MULE_ACC_90045,SBI_ACC_20025,249172.63,2026-01-13 02:20:00,SETTLEMENT,NEFT,State Bank of India,IN,1,SMURF_FAN_IN
TX_SMURF_FI_117296,MULE_ACC_90061,SBI_ACC_20025,249172.63,2026-01-13 02:25:00,SETTLEMENT,NEFT,State Bank of India,IN,1,SMURF_FAN_IN
TX_SMURF_FI_117297,MULE_ACC_90086,SBI_ACC_20025,249172.63,2026-01-13 02:30:00,SETTLEMENT,NEFT,State Bank of India,IN,1,SMURF_FAN_IN
TX_SMURF_FI_117298,MULE_ACC_90073,SBI_ACC_20025,249172.63,2026-01-13 02:35:00,SETTLEMENT,NEFT,State Bank of India,IN,1,SMURF_FAN_IN
TX_SMURF_FO_117299,INDUS_ACC_20194,MULE_ACC_90006,417004.42,2026-01-10 23:00:00,TRANSFER,IMPS,IndusInd Bank,IN,1,SMURF_FAN_OUT
TX_SMURF_FO_117300,INDUS_ACC_20194,MULE_ACC_90033,443066.61,2026-01-10 23:03:00,TRANSFER,IMPS,IndusInd Bank,IN,1,SMURF_FAN_OUT
TX_SMURF_FO_117301,INDUS_ACC_20194,MULE_ACC_90097,436965.23,2026-01-10 23:06:00,TRANSFER,IMPS,IndusInd Bank,IN,1,SMURF_FAN_OUT
TX_SMURF_FO_117302,INDUS_ACC_20194,MULE_ACC_90091,404995.0,2026-01-10 23:09:00,TRANSFER,IMPS,IndusInd Bank,IN,1,SMURF_FAN_OUT
TX_SMURF_FO_117303,INDUS_ACC_20194,MULE_ACC_90023,434054.99,2026-01-10 23:12:00,TRANSFER,IMPS,IndusInd Bank,IN,1,SMURF_FAN_OUT
TX_SMURF_FO_117304,INDUS_ACC_20194,MULE_ACC_90041,416222.18,2026-01-10 23:15:00,TRANSFER,IMPS,IndusInd Bank,IN,1,SMURF_FAN_OUT
TX_SMURF_FO_117305,INDUS_ACC_20194,MULE_ACC_90073,432091.38,2026-01-10 23:18:00,TRANSFER,IMPS,IndusInd Bank,IN,1,SMURF_FAN_OUT
TX_SMURF_FI_117306,MULE_ACC_90006,BOB_ACC_20048,417702.82,2026-01-11 00:00:00,SETTLEMENT,NEFT,Bank of Baroda,IN,1,SMURF_FAN_IN
TX_SMURF_FI_117307,MULE_ACC_90033,BOB_ACC_20048,417702.82,2026-01-11 00:05:00,SETTLEMENT,NEFT,Bank of Baroda,IN,1,SMURF_FAN_IN
TX_SMURF_FI_117308,MULE_ACC_90097,BOB_ACC_20048,417702.82,2026-01-11 00:10:00,SETTLEMENT,NEFT,Bank of Baroda,IN,1,SMURF_FAN_IN
TX_SMURF_FI_117309,MULE_ACC_90091,BOB_ACC_20048,417702.82,2026-01-11 00:15:00,SETTLEMENT,NEFT,Bank of Baroda,IN,1,SMURF_FAN_IN
TX_SMURF_FI_117310,MULE_ACC_90023,BOB_ACC_20048,417702.82,2026-01-11 00:20:00,SETTLEMENT,NEFT,Bank of Baroda,IN,1,SMURF_FAN_IN
TX_SMURF_FI_117311,MULE_ACC_90041,BOB_ACC_20048,417702.82,2026-01-11 00:25:00,SETTLEMENT,NEFT,Bank of Baroda,IN,1,SMURF_FAN_IN
TX_SMURF_FI_117312,MULE_ACC_90073,BOB_ACC_20048,417702.82,2026-01-11 00:30:00,SETTLEMENT,NEFT,Bank of Baroda,IN,1,SMURF_FAN_IN
TX_SMURF_FO_117313,PNB_ACC_20186,MULE_ACC_90010,170721.12,2026-01-17 02:00:00,TRANSFER,IMPS,Punjab National Bank,IN,1,SMURF_FAN_OUT
TX_SMURF_FO_117314,PNB_ACC_20186,MULE_ACC_90090,161080.12,2026-01-17 02:03:00,TRANSFER,IMPS,Punjab National Bank,IN,1,SMURF_FAN_OUT
TX_SMURF_FO_117315,PNB_ACC_20186,MULE_ACC_90095,167468.96,2026-01-17 02:06:00,TRANSFER,IMPS,Punjab National Bank,IN,1,SMURF_FAN_OUT
TX_SMURF_FO_117316,PNB_ACC_20186,MULE_ACC_90065,169570.86,2026-01-17 02:09:00,TRANSFER,IMPS,Punjab National Bank,IN,1,SMURF_FAN_OUT
TX_SMURF_FO_117317,PNB_ACC_20186,MULE_ACC_90093,160165.1,2026-01-17 02:12:00,TRANSFER,IMPS,Punjab National Bank,IN,1,SMURF_FAN_OUT
TX_SMURF_FO_117318,PNB_ACC_20186,MULE_ACC_90037,157808.85,2026-01-17 02:15:00,TRANSFER,IMPS,Punjab National Bank,IN,1,SMURF_FAN_OUT
TX_SMURF_FO_117319,PNB_ACC_20186,MULE_ACC_90030,165260.82,2026-01-17 02:18:00,TRANSFER,IMPS,Punjab National Bank,IN,1,SMURF_FAN_OUT
TX_SMURF_FO_117320,PNB_ACC_20186,MULE_ACC_90091,165981.45,2026-01-17 02:21:00,TRANSFER,IMPS,Punjab National Bank,IN,1,SMURF_FAN_OUT
TX_SMURF_FI_117321,MULE_ACC_90010,CANARA_ACC_20147,159448.01,2026-01-17 03:00:00,SETTLEMENT,NEFT,Canara Bank,IN,1,SMURF_FAN_IN
TX_SMURF_FI_117322,MULE_ACC_90090,CANARA_ACC_20147,159448.01,2026-01-17 03:05:00,SETTLEMENT,NEFT,Canara Bank,IN,1,SMURF_FAN_IN
TX_SMURF_FI_117323,MULE_ACC_90095,CANARA_ACC_20147,159448.01,2026-01-17 03:10:00,SETTLEMENT,NEFT,Canara Bank,IN,1,SMURF_FAN_IN
TX_SMURF_FI_117324,MULE_ACC_90065,CANARA_ACC_20147,159448.01,2026-01-17 03:15:00,SETTLEMENT,NEFT,Canara Bank,IN,1,SMURF_FAN_IN
TX_SMURF_FI_117325,MULE_ACC_90093,CANARA_ACC_20147,159448.01,2026-01-17 03:20:00,SETTLEMENT,NEFT,Canara Bank,IN,1,SMURF_FAN_IN
TX_SMURF_FI_117326,MULE_ACC_90037,CANARA_ACC_20147,159448.01,2026-01-17 03:25:00,SETTLEMENT,NEFT,Canara Bank,IN,1,SMURF_FAN_IN
TX_SMURF_FI_117327,MULE_ACC_90030,CANARA_ACC_20147,159448.01,2026-01-17 03:30:00,SETTLEMENT,NEFT,Canara Bank,IN,1,SMURF_FAN_IN
TX_SMURF_FI_117328,MULE_ACC_90091,CANARA_ACC_20147,159448.01,2026-01-17 03:35:00,SETTLEMENT,NEFT,Canara Bank,IN,1,SMURF_FAN_IN
TX_SMURF_FO_117329,ICICI_ACC_20240,MULE_ACC_90097,365612.86,2026-01-23 23:00:00,TRANSFER,IMPS,ICICI Bank,IN,1,SMURF_FAN_OUT
TX_SMURF_FO_117330,ICICI_ACC_20240,MULE_ACC_90074,349356.2,2026-01-23 23:03:00,TRANSFER,IMPS,ICICI Bank,IN,1,SMURF_FAN_OUT
TX_SMURF_FO_117331,ICICI_ACC_20240,MULE_ACC_90042,347159.41,2026-01-23 23:06:00,TRANSFER,IMPS,ICICI Bank,IN,1,SMURF_FAN_OUT
TX_SMURF_FO_117332,ICICI_ACC_20240,MULE_ACC_90018,351444.79,2026-01-23 23:09:00,TRANSFER,IMPS,ICICI Bank,IN,1,SMURF_FAN_OUT
TX_SMURF_FO_117333,ICICI_ACC_20240,MULE_ACC_90091,360737.86,2026-01-23 23:12:00,TRANSFER,IMPS,ICICI Bank,IN,1,SMURF_FAN_OUT
TX_SMURF_FO_117334,ICICI_ACC_20240,MULE_ACC_90028,377495.99,2026-01-23 23:15:00,TRANSFER,IMPS,ICICI Bank,IN,1,SMURF_FAN_OUT
TX_SMURF_FO_117335,ICICI_ACC_20240,MULE_ACC_90111,350686.63,2026-01-23 23:18:00,TRANSFER,IMPS,ICICI Bank,IN,1,SMURF_FAN_OUT
TX_SMURF_FI_117336,MULE_ACC_90097,ICICI_ACC_20142,356284.0,2026-01-24 00:00:00,SETTLEMENT,NEFT,ICICI Bank,IN,1,SMURF_FAN_IN
TX_SMURF_FI_117337,MULE_ACC_90074,ICICI_ACC_20142,356284.0,2026-01-24 00:05:00,SETTLEMENT,NEFT,ICICI Bank,IN,1,SMURF_FAN_IN
TX_SMURF_FI_117338,MULE_ACC_90042,ICICI_ACC_20142,356284.0,2026-01-24 00:10:00,SETTLEMENT,NEFT,ICICI Bank,IN,1,SMURF_FAN_IN
TX_SMURF_FI_117339,MULE_ACC_90018,ICICI_ACC_20142,356284.0,2026-01-24 00:15:00,SETTLEMENT,NEFT,ICICI Bank,IN,1,SMURF_FAN_IN
TX_SMURF_FI_117340,MULE_ACC_90091,ICICI_ACC_20142,356284.0,2026-01-24 00:20:00,SETTLEMENT,NEFT,ICICI Bank,IN,1,SMURF_FAN_IN
TX_SMURF_FI_117341,MULE_ACC_90028,ICICI_ACC_20142,356284.0,2026-01-24 00:25:00,SETTLEMENT,NEFT,ICICI Bank,IN,1,SMURF_FAN_IN
TX_SMURF_FI_117342,MULE_ACC_90111,ICICI_ACC_20142,356284.0,2026-01-24 00:30:00,SETTLEMENT,NEFT,ICICI Bank,IN,1,SMURF_FAN_IN
TX_SMURF_FO_117343,SBI_ACC_20010,MULE_ACC_90076,474320.49,2026-01-18 01:00:00,TRANSFER,IMPS,State Bank of India,IN,1,SMURF_FAN_OUT
TX_SMURF_FO_117344,SBI_ACC_20010,MULE_ACC_90004,454579.7,2026-01-18 01:03:00,TRANSFER,IMPS,State Bank of India,IN,1,SMURF_FAN_OUT
TX_SMURF_FO_117345,SBI_ACC_20010,MULE_ACC_90009,463996.41,2026-01-18 01:06:00,TRANSFER,IMPS,State Bank of India,IN,1,SMURF_FAN_OUT
TX_SMURF_FO_117346,SBI_ACC_20010,MULE_ACC_90025,446558.0,2026-01-18 01:09:00,TRANSFER,IMPS,State Bank of India,IN,1,SMURF_FAN_OUT
TX_SMURF_FO_117347,SBI_ACC_20010,MULE_ACC_90023,471752.3,2026-01-18 01:12:00,TRANSFER,IMPS,State Bank of India,IN,1,SMURF_FAN_OUT
TX_SMURF_FO_117348,SBI_ACC_20010,MULE_ACC_90093,435360.49,2026-01-18 01:15:00,TRANSFER,IMPS,State Bank of India,IN,1,SMURF_FAN_OUT
TX_SMURF_FI_117349,MULE_ACC_90076,YES_ACC_20057,444953.41,2026-01-18 02:00:00,SETTLEMENT,NEFT,Yes Bank,IN,1,SMURF_FAN_IN
TX_SMURF_FI_117350,MULE_ACC_90004,YES_ACC_20057,444953.41,2026-01-18 02:05:00,SETTLEMENT,NEFT,Yes Bank,IN,1,SMURF_FAN_IN
TX_SMURF_FI_117351,MULE_ACC_90009,YES_ACC_20057,444953.41,2026-01-18 02:10:00,SETTLEMENT,NEFT,Yes Bank,IN,1,SMURF_FAN_IN
TX_SMURF_FI_117352,MULE_ACC_90025,YES_ACC_20057,444953.41,2026-01-18 02:15:00,SETTLEMENT,NEFT,Yes Bank,IN,1,SMURF_FAN_IN
TX_SMURF_FI_117353,MULE_ACC_90023,YES_ACC_20057,444953.41,2026-01-18 02:20:00,SETTLEMENT,NEFT,Yes Bank,IN,1,SMURF_FAN_IN
TX_SMURF_FI_117354,MULE_ACC_90093,YES_ACC_20057,444953.41,2026-01-18 02:25:00,SETTLEMENT,NEFT,Yes Bank,IN,1,SMURF_FAN_IN
TX_SMURF_FO_117355,KOTAK_ACC_20130,MULE_ACC_90096,276009.57,2026-01-17 11:00:00,TRANSFER,IMPS,Kotak Mahindra Bank,IN,1,SMURF_FAN_OUT
TX_SMURF_FO_117356,KOTAK_ACC_20130,MULE_ACC_90026,277663.62,2026-01-17 11:03:00,TRANSFER,IMPS,Kotak Mahindra Bank,IN,1,SMURF_FAN_OUT
TX_SMURF_FO_117357,KOTAK_ACC_20130,MULE_ACC_90101,287587.5,2026-01-17 11:06:00,TRANSFER,IMPS,Kotak Mahindra Bank,IN,1,SMURF_FAN_OUT
TX_SMURF_FO_117358,KOTAK_ACC_20130,MULE_ACC_90002,285942.42,2026-01-17 11:09:00,TRANSFER,IMPS,Kotak Mahindra Bank,IN,1,SMURF_FAN_OUT
TX_SMURF_FO_117359,KOTAK_ACC_20130,MULE_ACC_90023,288230.32,2026-01-17 11:12:00,TRANSFER,IMPS,Kotak Mahindra Bank,IN,1,SMURF_FAN_OUT
TX_SMURF_FO_117360,KOTAK_ACC_20130,MULE_ACC_90112,266910.34,2026-01-17 11:15:00,TRANSFER,IMPS,Kotak Mahindra Bank,IN,1,SMURF_FAN_OUT
TX_SMURF_FI_117361,MULE_ACC_90096,ICICI_ACC_20038,268874.72,2026-01-17 12:00:00,SETTLEMENT,NEFT,ICICI Bank,IN,1,SMURF_FAN_IN
TX_SMURF_FI_117362,MULE_ACC_90026,ICICI_ACC_20038,268874.72,2026-01-17 12:05:00,SETTLEMENT,NEFT,ICICI Bank,IN,1,SMURF_FAN_IN
TX_SMURF_FI_117363,MULE_ACC_90101,ICICI_ACC_20038,268874.72,2026-01-17 12:10:00,SETTLEMENT,NEFT,ICICI Bank,IN,1,SMURF_FAN_IN
TX_SMURF_FI_117364,MULE_ACC_90002,ICICI_ACC_20038,268874.72,2026-01-17 12:15:00,SETTLEMENT,NEFT,ICICI Bank,IN,1,SMURF_FAN_IN
TX_SMURF_FI_117365,MULE_ACC_90023,ICICI_ACC_20038,268874.72,2026-01-17 12:20:00,SETTLEMENT,NEFT,ICICI Bank,IN,1,SMURF_FAN_IN
TX_SMURF_FI_117366,MULE_ACC_90112,ICICI_ACC_20038,268874.72,2026-01-17 12:25:00,SETTLEMENT,NEFT,ICICI Bank,IN,1,SMURF_FAN_IN
TX_SMURF_FO_117367,AXIS_ACC_20155,MULE_ACC_90081,356365.21,2026-01-13 10:00:00,TRANSFER,IMPS,Axis Bank,IN,1,SMURF_FAN_OUT
TX_SMURF_FO_117368,AXIS_ACC_20155,MULE_ACC_90051,334092.75,2026-01-13 10:03:00,TRANSFER,IMPS,Axis Bank,IN,1,SMURF_FAN_OUT
TX_SMURF_FO_117369,AXIS_ACC_20155,MULE_ACC_90000,347974.24,2026-01-13 10:06:00,TRANSFER,IMPS,Axis Bank,IN,1,SMURF_FAN_OUT
TX_SMURF_FO_117370,AXIS_ACC_20155,MULE_ACC_90069,333391.51,2026-01-13 10:09:00,TRANSFER,IMPS,Axis Bank,IN,1,SMURF_FAN_OUT
TX_SMURF_FO_117371,AXIS_ACC_20155,MULE_ACC_90045,351289.35,2026-01-13 10:12:00,TRANSFER,IMPS,Axis Bank,IN,1,SMURF_FAN_OUT
TX_SMURF_FI_117372,MULE_ACC_90081,YES_ACC_20068,329540.64,2026-01-13 11:00:00,SETTLEMENT,NEFT,Yes Bank,IN,1,SMURF_FAN_IN
TX_SMURF_FI_117373,MULE_ACC_90051,YES_ACC_20068,329540.64,2026-01-13 11:05:00,SETTLEMENT,NEFT,Yes Bank,IN,1,SMURF_FAN_IN
TX_SMURF_FI_117374,MULE_ACC_90000,YES_ACC_20068,329540.64,2026-01-13 11:10:00,SETTLEMENT,NEFT,Yes Bank,IN,1,SMURF_FAN_IN
TX_SMURF_FI_117375,MULE_ACC_90069,YES_ACC_20068,329540.64,2026-01-13 11:15:00,SETTLEMENT,NEFT,Yes Bank,IN,1,SMURF_FAN_IN
TX_SMURF_FI_117376,MULE_ACC_90045,YES_ACC_20068,329540.64,2026-01-13 11:20:00,SETTLEMENT,NEFT,Yes Bank,IN,1,SMURF_FAN_IN
TX_SMURF_FO_117377,BOB_ACC_20028,MULE_ACC_90107,458053.88,2026-01-18 05:00:00,TRANSFER,IMPS,Bank of Baroda,IN,1,SMURF_FAN_OUT
TX_SMURF_FO_117378,BOB_ACC_20028,MULE_ACC_90098,451023.62,2026-01-18 05:03:00,TRANSFER,IMPS,Bank of Baroda,IN,1,SMURF_FAN_OUT
TX_SMURF_FO_117379,BOB_ACC_20028,MULE_ACC_90040,431752.45,2026-01-18 05:06:00,TRANSFER,IMPS,Bank of Baroda,IN,1,SMURF_FAN_OUT
TX_SMURF_FO_117380,BOB_ACC_20028,MULE_ACC_90027,452858.36,2026-01-18 05:09:00,TRANSFER,IMPS,Bank of Baroda,IN,1,SMURF_FAN_OUT
TX_SMURF_FO_117381,BOB_ACC_20028,MULE_ACC_90101,434562.01,2026-01-18 05:12:00,TRANSFER,IMPS,Bank of Baroda,IN,1,SMURF_FAN_OUT
TX_SMURF_FI_117382,MULE_ACC_90107,KOTAK_ACC_20194,425198.5,2026-01-18 06:00:00,SETTLEMENT,NEFT,Kotak Mahindra Bank,IN,1,SMURF_FAN_IN
TX_SMURF_FI_117383,MULE_ACC_90098,KOTAK_ACC_20194,425198.5,2026-01-18 06:05:00,SETTLEMENT,NEFT,Kotak Mahindra Bank,IN,1,SMURF_FAN_IN
TX_SMURF_FI_117384,MULE_ACC_90040,KOTAK_ACC_20194,425198.5,2026-01-18 06:10:00,SETTLEMENT,NEFT,Kotak Mahindra Bank,IN,1,SMURF_FAN_IN
TX_SMURF_FI_117385,MULE_ACC_90027,KOTAK_ACC_20194,425198.5,2026-01-18 06:15:00,SETTLEMENT,NEFT,Kotak Mahindra Bank,IN,1,SMURF_FAN_IN
TX_SMURF_FI_117386,MULE_ACC_90101,KOTAK_ACC_20194,425198.5,2026-01-18 06:20:00,SETTLEMENT,NEFT,Kotak Mahindra Bank,IN,1,SMURF_FAN_IN
TX_SMURF_FO_117387,ICICI_ACC_20242,MULE_ACC_90031,578193.14,2026-01-21 06:00:00,TRANSFER,IMPS,ICICI Bank,IN,1,SMURF_FAN_OUT
TX_SMURF_FO_117388,ICICI_ACC_20242,MULE_ACC_90055,552874.64,2026-01-21 06:03:00,TRANSFER,IMPS,ICICI Bank,IN,1,SMURF_FAN_OUT
TX_SMURF_FO_117389,ICICI_ACC_20242,MULE_ACC_90089,552256.84,2026-01-21 06:06:00,TRANSFER,IMPS,ICICI Bank,IN,1,SMURF_FAN_OUT
TX_SMURF_FO_117390,ICICI_ACC_20242,MULE_ACC_90062,553937.35,2026-01-21 06:09:00,TRANSFER,IMPS,ICICI Bank,IN,1,SMURF_FAN_OUT
TX_SMURF_FI_117391,MULE_ACC_90031,SBI_ACC_20120,557297.9,2026-01-21 07:00:00,SETTLEMENT,NEFT,State Bank of India,IN,1,SMURF_FAN_IN
TX_SMURF_FI_117392,MULE_ACC_90055,SBI_ACC_20120,557297.9,2026-01-21 07:05:00,SETTLEMENT,NEFT,State Bank of India,IN,1,SMURF_FAN_IN
TX_SMURF_FI_117393,MULE_ACC_90089,SBI_ACC_20120,557297.9,2026-01-21 07:10:00,SETTLEMENT,NEFT,State Bank of India,IN,1,SMURF_FAN_IN
TX_SMURF_FI_117394,MULE_ACC_90062,SBI_ACC_20120,557297.9,2026-01-21 07:15:00,SETTLEMENT,NEFT,State Bank of India,IN,1,SMURF_FAN_IN
TX_SMURF_FO_117395,SBI_ACC_20024,MULE_ACC_90060,315476.78,2026-01-22 02:00:00,TRANSFER,IMPS,State Bank of India,IN,1,SMURF_FAN_OUT
TX_SMURF_FO_117396,SBI_ACC_20024,MULE_ACC_90117,291613.8,2026-01-22 02:03:00,TRANSFER,IMPS,State Bank of India,IN,1,SMURF_FAN_OUT
TX_SMURF_FO_117397,SBI_ACC_20024,MULE_ACC_90061,306574.45,2026-01-22 02:06:00,TRANSFER,IMPS,State Bank of India,IN,1,SMURF_FAN_OUT
TX_SMURF_FO_117398,SBI_ACC_20024,MULE_ACC_90025,297822.95,2026-01-22 02:09:00,TRANSFER,IMPS,State Bank of India,IN,1,SMURF_FAN_OUT
TX_SMURF_FO_117399,SBI_ACC_20024,MULE_ACC_90059,305310.4,2026-01-22 02:12:00,TRANSFER,IMPS,State Bank of India,IN,1,SMURF_FAN_OUT
TX_SMURF_FI_117400,MULE_ACC_90060,PNB_ACC_20228,297744.67,2026-01-22 03:00:00,SETTLEMENT,NEFT,Punjab National Bank,IN,1,SMURF_FAN_IN
TX_SMURF_FI_117401,MULE_ACC_90117,PNB_ACC_20228,297744.67,2026-01-22 03:05:00,SETTLEMENT,NEFT,Punjab National Bank,IN,1,SMURF_FAN_IN
TX_SMURF_FI_117402,MULE_ACC_90061,PNB_ACC_20228,297744.67,2026-01-22 03:10:00,SETTLEMENT,NEFT,Punjab National Bank,IN,1,SMURF_FAN_IN
TX_SMURF_FI_117403,MULE_ACC_90025,PNB_ACC_20228,297744.67,2026-01-22 03:15:00,SETTLEMENT,NEFT,Punjab National Bank,IN,1,SMURF_FAN_IN
TX_SMURF_FI_117404,MULE_ACC_90059,PNB_ACC_20228,297744.67,2026-01-22 03:20:00,SETTLEMENT,NEFT,Punjab National Bank,IN,1,SMURF_FAN_IN
TX_SMURF_FO_117405,BOB_ACC_20218,MULE_ACC_90073,291996.7,2026-01-22 16:00:00,TRANSFER,IMPS,Bank of Baroda,IN,1,SMURF_FAN_OUT
TX_SMURF_FO_117406,BOB_ACC_20218,MULE_ACC_90012,320498.57,2026-01-22 16:03:00,TRANSFER,IMPS,Bank of Baroda,IN,1,SMURF_FAN_OUT
TX_SMURF_FO_117407,BOB_ACC_20218,MULE_ACC_90069,297002.43,2026-01-22 16:06:00,TRANSFER,IMPS,Bank of Baroda,IN,1,SMURF_FAN_OUT
TX_SMURF_FO_117408,BOB_ACC_20218,MULE_ACC_90108,318936.54,2026-01-22 16:09:00,TRANSFER,IMPS,Bank of Baroda,IN,1,SMURF_FAN_OUT
TX_SMURF_FO_117409,BOB_ACC_20218,MULE_ACC_90036,323214.25,2026-01-22 16:12:00,TRANSFER,IMPS,Bank of Baroda,IN,1,SMURF_FAN_OUT
TX_SMURF_FI_117410,MULE_ACC_90073,SBI_ACC_20091,300611.33,2026-01-22 17:00:00,SETTLEMENT,NEFT,State Bank of India,IN,1,SMURF_FAN_IN
TX_SMURF_FI_117411,MULE_ACC_90012,SBI_ACC_20091,300611.33,2026-01-22 17:05:00,SETTLEMENT,NEFT,State Bank of India,IN,1,SMURF_FAN_IN
TX_SMURF_FI_117412,MULE_ACC_90069,SBI_ACC_20091,300611.33,2026-01-22 17:10:00,SETTLEMENT,NEFT,State Bank of India,IN,1,SMURF_FAN_IN
TX_SMURF_FI_117413,MULE_ACC_90108,SBI_ACC_20091,300611.33,2026-01-22 17:15:00,SETTLEMENT,NEFT,State Bank of India,IN,1,SMURF_FAN_IN
TX_SMURF_FI_117414,MULE_ACC_90036,SBI_ACC_20091,300611.33,2026-01-22 17:20:00,SETTLEMENT,NEFT,State Bank of India,IN,1,SMURF_FAN_IN
TX_SMURF_FO_117415,YES_ACC_20130,MULE_ACC_90025,386788.43,2026-01-15 11:00:00,TRANSFER,IMPS,Yes Bank,IN,1,SMURF_FAN_OUT
TX_SMURF_FO_117416,YES_ACC_20130,MULE_ACC_90014,403099.49,2026-01-15 11:03:00,TRANSFER,IMPS,Yes Bank,IN,1,SMURF_FAN_OUT
TX_SMURF_FO_117417,YES_ACC_20130,MULE_ACC_90027,407555.36,2026-01-15 11:06:00,TRANSFER,IMPS,Yes Bank,IN,1,SMURF_FAN_OUT
TX_SMURF_FO_117418,YES_ACC_20130,MULE_ACC_90002,382161.21,2026-01-15 11:09:00,TRANSFER,IMPS,Yes Bank,IN,1,SMURF_FAN_OUT
TX_SMURF_FO_117419,YES_ACC_20130,MULE_ACC_90022,368959.83,2026-01-15 11:12:00,TRANSFER,IMPS,Yes Bank,IN,1,SMURF_FAN_OUT
TX_SMURF_FO_117420,YES_ACC_20130,MULE_ACC_90020,401073.57,2026-01-15 11:15:00,TRANSFER,IMPS,Yes Bank,IN,1,SMURF_FAN_OUT
TX_SMURF_FO_117421,YES_ACC_20130,MULE_ACC_90110,394925.12,2026-01-15 11:18:00,TRANSFER,IMPS,Yes Bank,IN,1,SMURF_FAN_OUT
TX_SMURF_FI_117422,MULE_ACC_90025,ICICI_ACC_20082,378971.98,2026-01-15 12:00:00,SETTLEMENT,NEFT,ICICI Bank,IN,1,SMURF_FAN_IN
TX_SMURF_FI_117423,MULE_ACC_90014,ICICI_ACC_20082,378971.98,2026-01-15 12:05:00,SETTLEMENT,NEFT,ICICI Bank,IN,1,SMURF_FAN_IN
TX_SMURF_FI_117424,MULE_ACC_90027,ICICI_ACC_20082,378971.98,2026-01-15 12:10:00,SETTLEMENT,NEFT,ICICI Bank,IN,1,SMURF_FAN_IN
TX_SMURF_FI_117425,MULE_ACC_90002,ICICI_ACC_20082,378971.98,2026-01-15 12:15:00,SETTLEMENT,NEFT,ICICI Bank,IN,1,SMURF_FAN_IN
TX_SMURF_FI_117426,MULE_ACC_90022,ICICI_ACC_20082,378971.98,2026-01-15 12:20:00,SETTLEMENT,NEFT,ICICI Bank,IN,1,SMURF_FAN_IN
TX_SMURF_FI_117427,MULE_ACC_90020,ICICI_ACC_20082,378971.98,2026-01-15 12:25:00,SETTLEMENT,NEFT,ICICI Bank,IN,1,SMURF_FAN_IN
TX_SMURF_FI_117428,MULE_ACC_90110,ICICI_ACC_20082,378971.98,2026-01-15 12:30:00,SETTLEMENT,NEFT,ICICI Bank,IN,1,SMURF_FAN_IN
TX_SMURF_FO_117429,AXIS_ACC_20175,MULE_ACC_90102,776067.28,2026-01-20 08:00:00,TRANSFER,IMPS,Axis Bank,IN,1,SMURF_FAN_OUT
TX_SMURF_FO_117430,AXIS_ACC_20175,MULE_ACC_90012,760372.89,2026-01-20 08:03:00,TRANSFER,IMPS,Axis Bank,IN,1,SMURF_FAN_OUT
TX_SMURF_FO_117431,AXIS_ACC_20175,MULE_ACC_90053,734466.95,2026-01-20 08:06:00,TRANSFER,IMPS,Axis Bank,IN,1,SMURF_FAN_OUT
TX_SMURF_FO_117432,AXIS_ACC_20175,MULE_ACC_90035,790494.69,2026-01-20 08:09:00,TRANSFER,IMPS,Axis Bank,IN,1,SMURF_FAN_OUT
TX_SMURF_FI_117433,MULE_ACC_90102,KOTAK_ACC_20199,752746.91,2026-01-20 09:00:00,SETTLEMENT,NEFT,Kotak Mahindra Bank,IN,1,SMURF_FAN_IN
TX_SMURF_FI_117434,MULE_ACC_90012,KOTAK_ACC_20199,752746.91,2026-01-20 09:05:00,SETTLEMENT,NEFT,Kotak Mahindra Bank,IN,1,SMURF_FAN_IN
TX_SMURF_FI_117435,MULE_ACC_90053,KOTAK_ACC_20199,752746.91,2026-01-20 09:10:00,SETTLEMENT,NEFT,Kotak Mahindra Bank,IN,1,SMURF_FAN_IN
TX_SMURF_FI_117436,MULE_ACC_90035,KOTAK_ACC_20199,752746.91,2026-01-20 09:15:00,SETTLEMENT,NEFT,Kotak Mahindra Bank,IN,1,SMURF_FAN_IN
TX_SMURF_FO_117437,SBI_ACC_20159,MULE_ACC_90008,220566.28,2026-01-10 23:00:00,TRANSFER,IMPS,State Bank of India,IN,1,SMURF_FAN_OUT
TX_SMURF_FO_117438,SBI_ACC_20159,MULE_ACC_90079,239905.64,2026-01-10 23:03:00,TRANSFER,IMPS,State Bank of India,IN,1,SMURF_FAN_OUT
TX_SMURF_FO_117439,SBI_ACC_20159,MULE_ACC_90068,242821.32,2026-01-10 23:06:00,TRANSFER,IMPS,State Bank of India,IN,1,SMURF_FAN_OUT
TX_SMURF_FO_117440,SBI_ACC_20159,MULE_ACC_90048,236365.91,2026-01-10 23:09:00,TRANSFER,IMPS,State Bank of India,IN,1,SMURF_FAN_OUT
TX_SMURF_FO_117441,SBI_ACC_20159,MULE_ACC_90045,238106.64,2026-01-10 23:12:00,TRANSFER,IMPS,State Bank of India,IN,1,SMURF_FAN_OUT
TX_SMURF_FO_117442,SBI_ACC_20159,MULE_ACC_90064,224632.41,2026-01-10 23:15:00,TRANSFER,IMPS,State Bank of India,IN,1,SMURF_FAN_OUT
TX_SMURF_FO_117443,SBI_ACC_20159,MULE_ACC_90117,225498.37,2026-01-10 23:18:00,TRANSFER,IMPS,State Bank of India,IN,1,SMURF_FAN_OUT
TX_SMURF_FI_117444,MULE_ACC_90008,AXIS_ACC_20050,224217.22,2026-01-11 00:00:00,SETTLEMENT,NEFT,Axis Bank,IN,1,SMURF_FAN_IN
TX_SMURF_FI_117445,MULE_ACC_90079,AXIS_ACC_20050,224217.22,2026-01-11 00:05:00,SETTLEMENT,NEFT,Axis Bank,IN,1,SMURF_FAN_IN
TX_SMURF_FI_117446,MULE_ACC_90068,AXIS_ACC_20050,224217.22,2026-01-11 00:10:00,SETTLEMENT,NEFT,Axis Bank,IN,1,SMURF_FAN_IN
TX_SMURF_FI_117447,MULE_ACC_90048,AXIS_ACC_20050,224217.22,2026-01-11 00:15:00,SETTLEMENT,NEFT,Axis Bank,IN,1,SMURF_FAN_IN
TX_SMURF_FI_117448,MULE_ACC_90045,AXIS_ACC_20050,224217.22,2026-01-11 00:20:00,SETTLEMENT,NEFT,Axis Bank,IN,1,SMURF_FAN_IN
TX_SMURF_FI_117449,MULE_ACC_90064,AXIS_ACC_20050,224217.22,2026-01-11 00:25:00,SETTLEMENT,NEFT,Axis Bank,IN,1,SMURF_FAN_IN
TX_SMURF_FI_117450,MULE_ACC_90117,AXIS_ACC_20050,224217.22,2026-01-11 00:30:00,SETTLEMENT,NEFT,Axis Bank,IN,1,SMURF_FAN_IN
TX_SMURF_FO_117451,CANARA_ACC_20228,MULE_ACC_90022,196401.54,2026-01-18 21:00:00,TRANSFER,IMPS,Canara Bank,IN,1,SMURF_FAN_OUT
TX_SMURF_FO_117452,CANARA_ACC_20228,MULE_ACC_90103,178262.63,2026-01-18 21:03:00,TRANSFER,IMPS,Canara Bank,IN,1,SMURF_FAN_OUT
TX_SMURF_FO_117453,CANARA_ACC_20228,MULE_ACC_90021,180428.28,2026-01-18 21:06:00,TRANSFER,IMPS,Canara Bank,IN,1,SMURF_FAN_OUT
TX_SMURF_FO_117454,CANARA_ACC_20228,MULE_ACC_90111,183480.49,2026-01-18 21:09:00,TRANSFER,IMPS,Canara Bank,IN,1,SMURF_FAN_OUT
TX_SMURF_FO_117455,CANARA_ACC_20228,MULE_ACC_90117,177481.66,2026-01-18 21:12:00,TRANSFER,IMPS,Canara Bank,IN,1,SMURF_FAN_OUT
TX_SMURF_FI_117456,MULE_ACC_90022,HDFC_ACC_20144,182564.79,2026-01-18 22:00:00,SETTLEMENT,NEFT,HDFC Bank,IN,1,SMURF_FAN_IN
TX_SMURF_FI_117457,MULE_ACC_90103,HDFC_ACC_20144,182564.79,2026-01-18 22:05:00,SETTLEMENT,NEFT,HDFC Bank,IN,1,SMURF_FAN_IN
TX_SMURF_FI_117458,MULE_ACC_90021,HDFC_ACC_20144,182564.79,2026-01-18 22:10:00,SETTLEMENT,NEFT,HDFC Bank,IN,1,SMURF_FAN_IN
TX_SMURF_FI_117459,MULE_ACC_90111,HDFC_ACC_20144,182564.79,2026-01-18 22:15:00,SETTLEMENT,NEFT,HDFC Bank,IN,1,SMURF_FAN_IN
TX_SMURF_FI_117460,MULE_ACC_90117,HDFC_ACC_20144,182564.79,2026-01-18 22:20:00,SETTLEMENT,NEFT,HDFC Bank,IN,1,SMURF_FAN_IN
TX_SMURF_FO_117461,BOB_ACC_20207,MULE_ACC_90077,132893.38,2026-01-16 22:00:00,TRANSFER,IMPS,Bank of Baroda,IN,1,SMURF_FAN_OUT
TX_SMURF_FO_117462,BOB_ACC_20207,MULE_ACC_90118,136393.04,2026-01-16 22:03:00,TRANSFER,IMPS,Bank of Baroda,IN,1,SMURF_FAN_OUT
TX_SMURF_FO_117463,BOB_ACC_20207,MULE_ACC_90065,126120.44,2026-01-16 22:06:00,TRANSFER,IMPS,Bank of Baroda,IN,1,SMURF_FAN_OUT
TX_SMURF_FO_117464,BOB_ACC_20207,MULE_ACC_90091,140737.7,2026-01-16 22:09:00,TRANSFER,IMPS,Bank of Baroda,IN,1,SMURF_FAN_OUT
TX_SMURF_FO_117465,BOB_ACC_20207,MULE_ACC_90056,128682.92,2026-01-16 22:12:00,TRANSFER,IMPS,Bank of Baroda,IN,1,SMURF_FAN_OUT
TX_SMURF_FO_117466,BOB_ACC_20207,MULE_ACC_90072,130753.7,2026-01-16 22:15:00,TRANSFER,IMPS,Bank of Baroda,IN,1,SMURF_FAN_OUT
TX_SMURF_FO_117467,BOB_ACC_20207,MULE_ACC_90040,138446.36,2026-01-16 22:18:00,TRANSFER,IMPS,Bank of Baroda,IN,1,SMURF_FAN_OUT
TX_SMURF_FI_117468,MULE_ACC_90077,HDFC_ACC_20112,130012.95,2026-01-16 23:00:00,SETTLEMENT,NEFT,HDFC Bank,IN,1,SMURF_FAN_IN
TX_SMURF_FI_117469,MULE_ACC_90118,HDFC_ACC_20112,130012.95,2026-01-16 23:05:00,SETTLEMENT,NEFT,HDFC Bank,IN,1,SMURF_FAN_IN
TX_SMURF_FI_117470,MULE_ACC_90065,HDFC_ACC_20112,130012.95,2026-01-16 23:10:00,SETTLEMENT,NEFT,HDFC Bank,IN,1,SMURF_FAN_IN
TX_SMURF_FI_117471,MULE_ACC_90091,HDFC_ACC_20112,130012.95,2026-01-16 23:15:00,SETTLEMENT,NEFT,HDFC Bank,IN,1,SMURF_FAN_IN
TX_SMURF_FI_117472,MULE_ACC_90056,HDFC_ACC_20112,130012.95,2026-01-16 23:20:00,SETTLEMENT,NEFT,HDFC Bank,IN,1,SMURF_FAN_IN
TX_SMURF_FI_117473,MULE_ACC_90072,HDFC_ACC_20112,130012.95,2026-01-16 23:25:00,SETTLEMENT,NEFT,HDFC Bank,IN,1,SMURF_FAN_IN
TX_SMURF_FI_117474,MULE_ACC_90040,HDFC_ACC_20112,130012.95,2026-01-16 23:30:00,SETTLEMENT,NEFT,HDFC Bank,IN,1,SMURF_FAN_IN
TX_SMURF_FO_117475,SBI_ACC_20019,MULE_ACC_90042,287801.93,2026-01-23 04:00:00,TRANSFER,IMPS,State Bank of India,IN,1,SMURF_FAN_OUT
TX_SMURF_FO_117476,SBI_ACC_20019,MULE_ACC_90078,306878.68,2026-01-23 04:03:00,TRANSFER,IMPS,State Bank of India,IN,1,SMURF_FAN_OUT
TX_SMURF_FO_117477,SBI_ACC_20019,MULE_ACC_90009,292567.57,2026-01-23 04:06:00,TRANSFER,IMPS,State Bank of India,IN,1,SMURF_FAN_OUT
TX_SMURF_FO_117478,SBI_ACC_20019,MULE_ACC_90059,315249.68,2026-01-23 04:09:00,TRANSFER,IMPS,State Bank of India,IN,1,SMURF_FAN_OUT
TX_SMURF_FO_117479,SBI_ACC_20019,MULE_ACC_90087,313167.32,2026-01-23 04:12:00,TRANSFER,IMPS,State Bank of India,IN,1,SMURF_FAN_OUT
TX_SMURF_FO_117480,SBI_ACC_20019,MULE_ACC_90036,294031.3,2026-01-23 04:15:00,TRANSFER,IMPS,State Bank of India,IN,1,SMURF_FAN_OUT
TX_SMURF_FO_117481,SBI_ACC_20019,MULE_ACC_90102,316395.07,2026-01-23 04:18:00,TRANSFER,IMPS,State Bank of India,IN,1,SMURF_FAN_OUT
TX_SMURF_FI_117482,MULE_ACC_90042,YES_ACC_20208,295782.66,2026-01-23 05:00:00,SETTLEMENT,NEFT,Yes Bank,IN,1,SMURF_FAN_IN
TX_SMURF_FI_117483,MULE_ACC_90078,YES_ACC_20208,295782.66,2026-01-23 05:05:00,SETTLEMENT,NEFT,Yes Bank,IN,1,SMURF_FAN_IN
TX_SMURF_FI_117484,MULE_ACC_90009,YES_ACC_20208,295782.66,2026-01-23 05:10:00,SETTLEMENT,NEFT,Yes Bank,IN,1,SMURF_FAN_IN
TX_SMURF_FI_117485,MULE_ACC_90059,YES_ACC_20208,295782.66,2026-01-23 05:15:00,SETTLEMENT,NEFT,Yes Bank,IN,1,SMURF_FAN_IN
TX_SMURF_FI_117486,MULE_ACC_90087,YES_ACC_20208,295782.66,2026-01-23 05:20:00,SETTLEMENT,NEFT,Yes Bank,IN,1,SMURF_FAN_IN
TX_SMURF_FI_117487,MULE_ACC_90036,YES_ACC_20208,295782.66,2026-01-23 05:25:00,SETTLEMENT,NEFT,Yes Bank,IN,1,SMURF_FAN_IN
TX_SMURF_FI_117488,MULE_ACC_90102,YES_ACC_20208,295782.66,2026-01-23 05:30:00,SETTLEMENT,NEFT,Yes Bank,IN,1,SMURF_FAN_IN
TX_SMURF_FO_117489,KOTAK_ACC_20164,MULE_ACC_90059,220754.88,2026-01-19 18:00:00,TRANSFER,IMPS,Kotak Mahindra Bank,IN,1,SMURF_FAN_OUT
TX_SMURF_FO_117490,KOTAK_ACC_20164,MULE_ACC_90092,228739.26,2026-01-19 18:03:00,TRANSFER,IMPS,Kotak Mahindra Bank,IN,1,SMURF_FAN_OUT
TX_SMURF_FO_117491,KOTAK_ACC_20164,MULE_ACC_90096,235432.28,2026-01-19 18:06:00,TRANSFER,IMPS,Kotak Mahindra Bank,IN,1,SMURF_FAN_OUT
TX_SMURF_FO_117492,KOTAK_ACC_20164,MULE_ACC_90080,242677.78,2026-01-19 18:09:00,TRANSFER,IMPS,Kotak Mahindra Bank,IN,1,SMURF_FAN_OUT
TX_SMURF_FI_117493,MULE_ACC_90059,KOTAK_ACC_20124,226504.93,2026-01-19 19:00:00,SETTLEMENT,NEFT,Kotak Mahindra Bank,IN,1,SMURF_FAN_IN
TX_SMURF_FI_117494,MULE_ACC_90092,KOTAK_ACC_20124,226504.93,2026-01-19 19:05:00,SETTLEMENT,NEFT,Kotak Mahindra Bank,IN,1,SMURF_FAN_IN
TX_SMURF_FI_117495,MULE_ACC_90096,KOTAK_ACC_20124,226504.93,2026-01-19 19:10:00,SETTLEMENT,NEFT,Kotak Mahindra Bank,IN,1,SMURF_FAN_IN
TX_SMURF_FI_117496,MULE_ACC_90080,KOTAK_ACC_20124,226504.93,2026-01-19 19:15:00,SETTLEMENT,NEFT,Kotak Mahindra Bank,IN,1,SMURF_FAN_IN
